goodsId,singleProductId,sku,barcode,platformGoodsId,hasStock
102328,113128,91415513-239CN,6913794832136,,1
102633,109286,31411107-138CN,6909822628963,,1
103477,113168,31415508-233CN,6909822630171,,1
103315,104700,91445508-339CN,6913794758931,,1
103335,112504,11521391-144CN,6913794548532,,1
103415,110970,32525532-238CN,6909822676322,,1
103532,106255,32548837-238CN,6903599700266,,1
102907,105564,11618801-28.5CN,6903599507124,,1
103177,105343,12617772-68CN,6903599514191,,1
102545,113832,12618039-48.5CN,6903599516133,,1
103311,106075,12618802-35.5CN,6903599517055,,1
103777,117744,11627775-68.5CN,6903599538784,,1
103817,123427,12625588-68.5CN,6903599548820,,1
104917,123875,12628850-15CN,6903599556627,,1
103974,118442,31621104-433CN,6903599716519,,1
104405,115159,31625519-239CN,6903599717691,,1
104204,115729,31625526-133CN,6903599717981,,1
103788,115825,32625515-334CN,6903599720882,,1
104532,116735,31614105-438CN,6903599724453,,1
105641,126157,31646656-136CN,6903599743911,,1
106114,133548,11641302-28.5CN,6901849000876,,1
104998,131283,11648022-19.5CN,6901849015573,,1
105757,130642,11648860-48CN,6901849019793,,1
105195,125575,12646602-35CN,6901849024278,,1
105924,129876,12648012-45.5CN,6901849029433,,1
105890,127493,11646935-38.5CN,6901849035090,,1
105527,128877,12648842-48.5CN,6901849038688,,1
105733,130109,92645516-76CN,6911713012003,,1
105747,133600,N1641009-27.5CN,6930280724942,,1
107519,135337,91715515-49CN,6911713018753,,1
106637,136679,92715515-18CN,6911713021555,,1
106280,136111,12725563-36CN,6901849088973,,1
106744,136409,32720044-122CN,6903711210024,,1
106248,140514,31724881-333CN,6903711216958,,1
108035,147446,11737703-69.5CN,6901849101436,,1
107762,152913,32748002-135CN,6903711252604,,1
108051,154477,12748823-26.5CN,6901849139460,,1
108049,154238,12748823-36CN,6901849139538,,1
108864,147929,32745514-137CN,6903711251089,,1
109801,167761,31815505-335CN,6903711259122,,1
110735,165512,92815528-28.5CN,6901849699940,,1
109356,162993,11845555-18CN,6901664712589,,1
114775,174779,15626331-3XLCN,6903599288214,,1
114020,169597,35625102-1165CN,6903599681411,,1
115140,176619,36628171-5150CN,6903599697214,,1
114668,175752,35636741-2160CN,6903599773260,,1
114550,169675,35639741-1130CN,6903599779040,,1
115108,176301,15631503-1MCN,6903599357897,,1
114174,173160,15632201-2XSCN,6903599307335,,1
114648,170480,15635146-4SCN,6903599310939,,1
115067,176144,16633702-13XLCN,6903599336298,,1
115663,182407,16638783-1SCN,6903599354735,,1
116886,187904,16637157-3LCN,6903599367773,,1
115726,187445,35644612-1170CN,6901849706020,,1
116410,185997,35642741-2140CN,6901849704545,,1
116952,186490,36649705-3110CN,6901849724802,,1
116373,180504,15648432-22XLCN,6901849202638,,1
116988,179701,15648714-22XLCN,6901849204755,,1
115714,187348,16646560-2MCN,6901849212156,,1
115853,179072,16647713-1SCN,6901849216185,,1
116181,184822,16648745-1XSCN,6901849224340,,1
118442,197835,15645431-42XLCN,6903599386958,,1
117300,191571,15647715-1SCN,6903599394571,,1
118164,189409,15711432-14XLCN,6901849276455,,1
119597,207293,15721134-3SCN,6901849286072,,1
119152,200361,15721155-5XSCN,6901849288519,,1
119792,205798,15725310-2MCN,6901849298235,,1
119856,206893,15727181-1LCN,6901849303427,,1
118734,203111,15727748-2LCN,6901849311385,,1
119654,205673,15728149-4MCN,6901849308118,,1
118598,203481,16727207-1XLCN,6901849326044,,1
119114,206669,16727784-2XSCN,6901849327812,,1
119094,201595,36725601-1165CN,6901849762125,,1
119632,200178,36727782-2160CN,6901849763115,,1
121111,217527,35728150-1165CN,6901849769636,,1
121109,215384,35728150-3150CN,6901849769735,,1
120022,209288,36723781-273CN,6901849774098,,1
119937,211909,95711302-2LCN,6911713207645,,1
120203,211011,15727103-3SCN,6901849353095,,1
120077,209400,15733140-34XLCN,6901849403271,,1
120920,211320,15735143-22XLCN,6901849365203,,1
121986,221580,16737511-1LCN,6901849390731,,1
122643,222010,35724911-1101CN,6901849837106,,1
122447,227615,16748915-24XLCN,6901849463527,,1
122638,219572,35746706-4140CN,6901849846863,,1
124459,229269,15827197-1MCN,6901849538041,,1
123854,233944,95828751-1MCN,6911713275002,,1
123066,236611,16827141-1LCN,6901849555697,,1
123223,229956,35815630-1150CN,6901849934454,,1
123186,236922,15825152-1XLCN,6901849529377,,1
124652,240990,15839430-2SCN,6901664505167,,1
125354,247682,15841703-64XLCN,6901664528104,,1
125186,247943,95848707-33XLCN,6901664614883,,1
125100,247078,35846670-1150CN,6901664104063,,1
124972,242470,35838773-3170CN,6901664113607,,1
125800,241303,15833708-22XLCN,6901849588114,,1
125529,241425,35849705-2101CN,6901664151258,,1
125818,243331,A35841796-1150CN,6901664166832,,1
124805,243560,15847761-2LCN,6901664547723,,1
128454,249774,35628158-1150CN,6903599686799,,1
127552,257011,15621158-22XLCN,6903599219423,,1
128364,249811,15621168-23XLCN,6903599220689,,1
102300,104551,31415505-236CN,6909822628246,,1
102474,111521,31445515-139CN,6909822654672,,1
102516,112859,31519904-126CN,6909822665272,,1
103047,109139,31545517-233CN,6909822693435,,1
102990,108009,11616611-28CN,6903599500866,,1
104782,116213,11628800-37CN,6903599541814,,1
104507,122386,12628810-38CN,6903599555880,,1
104182,117120,91625513-19CN,6913794795479,,1
104442,117453,32626970-334CN,6903599712870,,1
103631,121432,11631102-18.5CN,6903599567630,,1
104158,122187,11631305-28CN,6903599569627,,1
104615,123647,11635566-29.5CN,6903599573976,,1
104411,123498,11638045-29.5CN,6903599583166,,1
104599,119766,12635599-65CN,6903599590935,,1
105338,128886,32646941-237CN,6903599749449,,1
105752,125730,32648801-133CN,6903599749647,,1
105010,127356,11645559-46.5CN,6901849005932,,1
105940,126321,11645583-26.5CN,6901849007189,,1
105728,124957,11647713-17CN,6901849011506,,1
106220,129623,11648035-1E6.5CN,6901849016723,,1
106007,132142,12647772-35CN,6901849027538,,1
105112,134166,N1631902-26.5CN,6930280722474,,1
107363,144046,11721364-59.5CN,6901849070329,,1
106654,134682,31725532-239CN,6903711206188,,1
106616,135329,32724860-433CN,6903711218365,,1
107007,139811,31724947-132CN,6903711221921,,1
106494,137598,12638890-28.5CN,6901849039548,,1
107530,139256,31734100-234CN,6911713080569,,1
107737,151281,12737773-58.5CN,6901849111916,,1
108111,144761,91745525-37CN,6901849661527,,1
108537,150814,11745502-49.5CN,6901849124473,,1
108889,144677,31746906-240CN,6903711246979,,1
110640,160404,31814060-221CN,6903711266267,,1
109800,162346,31815505-237CN,6903711264317,,1
109256,156203,92825523-36.5CN,6913794715019,,1
110604,160553,31825503-137CN,6903711281994,,1
109905,168014,32824802-236CN,6903711298374,,1
109415,160122,12827705R-25CN,6901849647057,,1
110432,155506,11848883-210.5CN,6901664725213,,1
109275,161016,33849904-730CN,6903711335307,,1
109713,154753,A31848006-333CN,6903711340592,,1
109192,166045,33830002-224CN,6903711307762,,1
110395,160416,N1728810-36.5CN,6930280734460,,1
113945,175445,35632702-1170CN,6903599766453,,1
115125,169194,15633430-43XLCN,6903599309537,,1
114000,172993,15637143-13XLCN,6903599361214,,1
114021,169157,16637140-22XLCN,6903599341513,,1
115742,188609,36644940-2140CN,6901849701100,,1
117014,188569,35645702-3150CN,6901849707393,,1
115776,181076,36649908-1130CN,6903599788172,,1
116594,181065,16647744-23XLCN,6901849217557,,1
116033,187046,15641957-3MCN,6903599370100,,1
116805,186371,15641963-3XLCN,6903599370667,,1
116893,181690,15641749-3XLCN,6903599381373,,1
117784,195137,15711712-22XLCN,6901849233229,,1
117746,193652,15711723-24XLCN,6901849277360,,1
118155,191181,15711750-42XLCN,6901849277957,,1
117899,191351,15717707-1XSCN,6901849280063,,1
117988,198852,15717747-34XLCN,6901849251629,,1
118239,194361,16717643-3SCN,6901849264247,,1
117736,190189,16718731-2LCN,6901849273713,,1
117757,195213,35711707-3160CN,6901849729586,,1
117636,197792,36718743-2140CN,6901849747351,,1
119454,206125,15727144-15XLCN,6901849340361,,1
119545,204476,16727702-1XSCN,6901849350223,,1
119027,206324,16728110-2SCN,6901849328154,,1
119082,201700,35725147-3170CN,6901849756773,,1
120106,212438,36728157-1130CN,6901849777556,,1
121521,216219,36728744-1160CN,6901849778188,,1
120294,209702,36728745-1165CN,6901849778294,,1
120334,212059,95711746-1XLCN,6911713207799,,1
121489,213703,95648702-2XSCN,6911713214391,,1
120267,213045,95718746-32XLCN,6911713213424,,1
121472,213464,35732642-1150CN,6901849807086,,1
121047,213207,35739721-5130CN,6901849817115,,1
120451,216208,15737432-23XLCN,6901849371020,,1
120703,217289,15737744-44XLCN,6901849376087,,1
121723,220080,16735142-1XSCN,6901849399789,,1
121971,221636,16737161-22XLCN,6901849401574,,1
122348,220398,16738758-1SCN,6901849381036,,1
122015,223826,95638747-1LCN,6911713201179,,1
122293,223688,95729156-2XLCN,6911713232456,,1
122930,226028,16747708-1XLCN,6901849424320,,1
121930,226444,35744704-6140CN,6901849867080,,1
121876,222489,36744812-1140CN,6901849870868,,1
121882,226788,35746914-1160CN,6901849847846,,1
122100,227483,35746701-1130CN,6901849846313,,1
122887,223328,15748970-32XLCN,6901849418121,,1
122146,221878,15747745-22XLCN,6901849438891,,1
121596,228209,15811703-1LCN,6901849473809,,1
123468,230865,A35827201-1130CN,6901849927753,,1
124227,234596,15823140-4XSCN,6901849525249,,1
124037,236415,16828503-2LCN,6901849568048,,1
125222,243264,15837174-15XLCN,6901849612857,,1
124756,244355,A35831742-1170CN,6901664129134,,1
125432,239866,15847709-12XLCN,6901664543855,,1
125700,244659,16848702-3SCN,6901664564942,,1
125174,242636,95848901-13XLCN,6901664617013,,1
125462,244888,15827792-3SCN,6901849542635,,1
124984,239086,35838709-1140CN,6901664101031,,1
125685,239433,15843612-1LCN,6901664536680,,1
127565,251500,15623141-33XLCN,6903599231999,,1
102771,112351,32319901-329CN,691379493532501,,1
103547,109088,32328962-233CN,690982260094501,,1
102667,112150,31436602-138CN,6909822646714,,1
102492,112830,31448004-334CN,6909822656164,,1
102347,106201,31515502-235CN,6909822661052,,1
102627,113122,31515512-135CN,6909822663193,,1
102443,107566,32515536-136CN,6909822666286,,1
102221,109848,32538834-134CN,6909822688776,,1
102609,114349,31546601-134CN,6909822694524,,1
102290,114430,11611201-106.5CN,6903599520048,,1
102936,108061,11611307-110.5CN,6903599495995,,1
102742,112247,12617756-27.5CN,6903599513675,,1
103381,112605,12618815-45CN,6903599518236,,1
103879,117935,32616631-232CN,6903599710869,,1
104806,119209,31635512-236CN,6903599728291,,1
104284,116934,11636610-38.5CN,6903599577073,,1
103911,116897,12635552-58CN,6903599588192,,1
104474,116446,12635588-68CN,6903599590591,,1
105778,124996,31630002-322CN,6903599726501,,1
105313,125505,31624512-139CN,6903599752982,,1
105120,130430,11647772-3D8CN,6901849012046,,1
105912,132650,11648035-3E8CN,6901849016839,,1
106126,129224,11648818-1010.5CN,6901849036288,,1
106023,134316,11648835-46.5CN,6901849036622,,1
105544,125665,92645510-36CN,6911713011365,,1
105331,134354,71621310-18.5CN,6930280719221,,1
105826,130055,11711103-28CN,6901849040636,,1
105419,132840,11715565-17.5CN,6901849046225,,1
106865,141943,91711105-36.5CN,6911713016636,,1
106839,134674,31715503-139CN,6903599756331,,1
107238,136307,31719961-128CN,6903599759134,,1
107282,142379,11725573-17CN,6901849072118,,1
106848,137747,12725593-48.5CN,6901849085637,,1
107128,142150,12728016-27.5CN,6901849081646,,1
107307,139699,31731104-138CN,6903711223833,,1
106978,143082,31730001-226CN,6903711233627,,1
107071,135079,31734801-436CN,6911713083461,,1
108514,153711,92725599-36CN,6911713089937,,1
108630,148731,12747773-88CN,6901849131709,,1
107660,149026,31741105-138CN,6903711244104,,1
109490,162182,11831109-18.5CN,6901849622801,,1
110699,157958,12835566-18.5CN,6901849634736,,1
110031,159778,31856903-336CN,6903711300220,,1
109205,165088,12838855-47CN,6901849641345,,1
110387,155263,12835508R-15.5CN,6901664702849,,1
114950,177628,35625780-1130CN,6903599683712,,1
114842,172770,35625784-2130CN,6903599684191,,1
115170,170146,36629201-1110CN,6903599699485,,1
114817,176206,35635707-3130CN,6903599770955,,1
114792,176070,15637746-4SCN,6903599324523,,1
115293,170822,15637747-1LCN,6903599324578,,1
116413,185551,16638742-1XLCN,6903599353332,,1
115526,180946,15638711-1MCN,6903599330364,,1
115848,186554,35642703-2170CN,6901849704224,,1
116554,179670,35646910-3150CN,6901849711352,,1
116614,180855,36647740-3160CN,6901849721009,,1
116375,179737,15648708-22XLCN,6901849204045,,1
116683,188897,15648747-24XLCN,6901849207183,,1
115595,182145,15648903-24XLCN,6901849208982,,1
115978,187822,15648942-43XLCN,6901849210152,,1
116848,186359,15647917-12XLCN,6903599371824,,1
116762,184620,15641710-3XSCN,6903599377307,,1
117667,189661,15641966-22XLCN,6903599384725,,1
118010,191719,15715702-2XLCN,6901849240937,,1
117959,191194,16718760-33XLCN,6901849275748,,1
119586,201586,35724205-3150CN,6901849786152,,1
119871,204956,35724249-4130CN,6901849786381,,1
119313,199717,15721201-25XLCN,6901849334667,,1
118694,203342,15727158-22XLCN,6901849300662,,1
118835,207317,16727175-12XLCN,6901849325306,,1
119069,200659,95725321-23XLCN,6911713215008,,1
119558,199146,95727156-1XLCN,6911713217552,,1
120241,216335,36723141-190CN,6901849773817,,1
121026,215065,36729153-1120CN,6901849782918,,1
122421,226922,16736716-1LCN,6901849410323,,1
122650,228418,16737164-1MCN,6901849401802,,1
122819,223954,16737656-2XSCN,6901849391448,,1
122113,226686,95647704-2XLCN,6911713204958,,1
121972,226811,35746551-4165CN,6901849845637,,1
123718,234876,15747972-32XLCN,6901849440849,,1
123534,229399,15827181-3XLCN,6901849536900,,1
123879,236788,16827153-3MCN,6901849556922,,1
123635,234905,95828159-2MCN,6911713283304,,1
124082,238359,95828161-3MCN,6911713271967,,1
124030,238486,16818741-2MCN,6901849505999,,1
123880,235711,95727301-6LCN,6911713277600,,1
123759,235846,16827754-1LCN,6901849563234,,1
123932,233077,16827173-34XLCN,6901849559381,,1
125640,247518,15837714-13XLCN,6901849616572,,1
124582,244487,16838727-1MCN,6901849609055,,1
124749,240429,95838757-2XLCN,6901664612117,,1
125742,240605,35848911-2160CN,6901664150442,,1
124698,247205,35848530-2165CN,6901664147527,,1
127486,254289,35628151-4165CN,6903599667507,,1
128133,257785,36617701-1130CN,6903599674314,,1
128042,250029,36617745-2140CN,6903599670125,,1
127507,256899,36618746-4165CN,6903599672044,,1
128657,254180,15622206-43XLCN,6903599229705,,1
128098,250545,15625310-3SCN,6903599236420,,1
128909,252889,15627149-3XLCN,6903599242933,,1
127766,253635,15627164-2MCN,6903599244845,,1
128437,249211,15627178-3XSCN,6903599246740,,1
128357,249092,15621168-32XLCN,6903599220733,,1
128701,250060,15621205-2SCN,6903599223246,,1
128003,250086,15625143-22XLCN,6903599233641,,1
127831,250879,15628176-1SCN,6903599255315,,1
128490,251512,15628531-13XLCN,6903599256671,,1
128478,251081,16622141-3SCN,6903599258811,,1
127979,254919,16628741-3XLCN,6903599282014,,1
128577,248726,16628786-1MCN,6903599282472,,1
133173,267675,35446703-2120CN,6913794661361,,1
135134,274186,35427302-1120CN,6909822782559,,1
135361,271330,35439702-3110CN,6913794650921,,1
134789,269581,36417744-1140CN,6909822772284,,1
135102,271741,36418791-8160CN,6909822776091,,1
135186,270601,36428319-1150CN,6909822794996,,1
135380,272082,15611146-1XSCN,6903599158814,,1
135744,277427,16613641-3MCN,6903599183076,,1
135670,278159,16618202-33XLCN,6903599192306,,1
137710,281595,15411710-1XLCN,6909822513498,,1
137687,279531,15418743-3XLCN,6909822537609,,1
137261,289081,16417731-13XLCN,6909822546014,,1
137197,288924,16418721-2LCN,6909822552541,,1
137032,288912,16312501-1SCN,690982230044901,,1
137101,280519,16313701-33XLCN,690982230995401,,1
137306,285537,66313140-3XLCN,690982234287601,,1
138160,291077,15325111-1MCN,690982234483201,,1
138857,295440,15325145-4SCN,690982236853101,,1
138946,290954,15326380-22XLCN,690982238505701,,1
138863,295096,15327114-24XLCN,690982239077801,,1
139058,298141,15327118-3SCN,690982235862401,,1
138995,299339,16323780-12XLCN,690982235765801,,1
138102,293216,16327143-3LCN,690982235507401,,1
137933,295074,16327784-62XLCN,690982236921701,,1
137911,294089,16328322-3MCN,690982238432601,,1
138585,293504,65321119-44XLCN,690982239242001,,1
138437,294170,66323142-1LCN,690982239650301,,1
138795,295878,15336615-3LCN,690982240924101,,1
138714,291735,15337644-2LCN,690982241095701,,1
138214,294714,15338438-24XLCN,690982240936401,,1
138283,299220,15338721-13XLCN,690982243538701,,1
140664,308990,16338753-3LCN,690982244828801,,1
140232,307675,15346670-1MCN,690982247303701,,1
140961,309024,15347943-1LCN,690982248168101,,1
140763,305501,15348793-1XLCN,690982248646401,,1
140287,307944,15348942-1SCN,690982248921201,,1
139462,303247,15210704-1MCN,691379411741701,,1
139616,303506,15211712-23XLCN,691379411289401,,1
140349,307140,15212711-3LCN,691379411180401,,1
140229,306883,16215703-3LCN,691379415250001,,1
142575,319413,15220115-3LCN,691379415839701,,1
141846,317096,15221159-2LCN,691379419430201,,1
141396,319375,15221780-23XLCN,691379419157801,,1
141325,315125,15226112-33XLCN,691379420774301,,1
141298,315511,15227149-14XLCN,691379417941501,,1
142368,310309,15228327-44XLCN,691379422564801,,1
143801,329468,16228121-1SCN,691379421841101,,1
142935,328275,66221140-1XLCN,691379460552501,,1
143595,323666,15231741-13XLCN,691379423774001,,1
142825,323311,15235143-2LCN,691379422885401,,1
143745,322120,16230740-1XLCN,690982223103301,,1
143871,320122,16235740-2MCN,690982221837901,,1
144116,321342,16238723-4SCN,690982223404101,,1
143955,324883,65232021-23XLCN,691379461783201,,1
142907,320537,65232430-42XLCN,691379461932401,,1
142779,326341,66232172-1LCN,691379462749701,,1
143231,321655,66233532-32XLCN,691379461951501,,1
144330,331385,15245705-2LCN,690982226585401,,1
145219,334875,15247702-13XLCN,690982227897701,,1
144385,337328,15248643-2LCN,690982224077601,,1
145093,331831,15248709-1XLCN,690982224231201,,1
144956,337811,15249942-2XLCN,690982223832201,,1
144420,334512,16243641-4SCN,690982225336301,,1
144312,334082,16249941-3LCN,690982227504401,,1
145520,338642,65242711-1LCN,691379463589801,,1
144670,333423,66243802-23XLCN,691379463752601,,1
145292,333488,15421168-43XLCN,6909822563240,,1
145702,334015,15425140-32XLCN,6909822574727,,1
145921,339859,16423143-3SCN,6909822802103,,1
147278,340446,15438721-1LCN,6909822852450,,1
147173,349303,16438720-1MCN,6909822871123,,1
146094,347966,16445941-6MCN,6909822875473,,1
146264,342466,15437708-74XLCN,6909822842840,,1
149928,354871,15448846-4LCN,6909822909390,,1
150108,358485,15511704-6XSCN,6909822929831,,1
150320,358939,15517707-54XLCN,6909822944490,,1
149563,354730,15518712-3LCN,6909822952556,,1
150541,351174,16513402-22XLCN,6909822955557,,1
149349,356271,16517743-6LCN,6909822963170,,1
151254,367539,15526380-1MCN,6909822995256,,1
150821,365548,96527224-3XSCN,6913794863086,,1
151032,367265,15538144-1SCN,6903599067642,,1
150629,363465,16538718-1LCN,6903599094532,,1
151397,369312,16538750-5SCN,6903599097465,,1
153008,373139,15546943-53XLCN,6903599076590,,1
152343,376496,16547758-33XLCN,6903599152379,,1
153808,376983,16547944-12XLCN,6903599124536,,1
152825,376182,16547955-52XLCN,6903599125588,,1
152894,380802,16548743-43XLCN,6903599154816,,1
152415,380530,15541647-1XSCN,6903599130063,,1
152240,371640,15546531-33XLCN,6903599137437,,1
153282,376024,95546710-22XLCN,6913794870343,,1
152766,378549,36525784-1MCN,6903599607411,,1
152864,377769,36546706-1160CN,6903599647813,,1
152828,378936,36547810-1160CN,6903599649015,,1
154887,386880,35336531-3150CN,690982274400701,,1
127596,252930,15628112-1XSCN,6903599250600,,1
128330,253620,15621146-4SCN,6903599283769,,1
133160,266855,35528118-3140CN,6903599600696,,1
134914,273375,35212770-1160CN,691379494002201,,1
135339,273083,35339710-1120CN,690982273987401,,1
134909,272838,35347810-2130CN,690982275309201,,1
135007,273489,35411706-2130CN,6909822764364,,1
135081,273237,35417611-1130CN,6909822765682,,1
134867,270646,36427142-1140CN,6909822790806,,1
134856,273584,15611149-13XLCN,6903599159354,,1
135737,278242,15617141-23XLCN,6903599170786,,1
136199,275472,15617707-4LCN,6903599173671,,1
135722,277580,15617743-4XSCN,6903599205853,,1
136672,287686,15411202-22XLCN,6909822511579,,1
137167,288084,15413707-3MCN,6909822518110,,1
136763,283201,15417718-1MCN,6909822527488,,1
136615,282089,15418709-14XLCN,6909822535704,,1
136619,279752,16417733-1LCN,6909822546380,,1
136578,288318,15317702-3MCN,690982232504601,,1
136526,285522,15317720-3MCN,690982230251101,,1
137549,281639,15318704-2XLCN,690982233084201,,1
136633,279988,15318719-34XLCN,690982229566001,,1
136288,284022,16312651-2LCN,690982229476201,,1
137705,281554,16315704-1MCN,690982230145301,,1
138325,291614,15321330-14XLCN,690982237678901,,1
137985,290827,15323101-1LCN,690982238550701,,1
138318,297400,15323119-32XLCN,690982235922501,,1
139066,290149,15326141-1SCN,690982237741001,,1
138609,295421,15327130-3SCN,690982240204401,,1
139250,293112,15337710-1MCN,690982244693201,,1
139114,297438,16333742-32XLCN,690982243131001,,1
138537,292288,16335642-1XLCN,690982245458601,,1
140768,307405,16338783-32XLCN,690982243276801,,1
139877,300072,15345431-2LCN,690982247037101,,1
140245,308877,15346911-1MCN,690982247563501,,1
140652,302663,15347947-53XLCN,690982248243501,,1
139684,307566,15348534-2XLCN,690982248372201,,1
140631,302297,15348710-3MCN,690982248538201,,1
140419,304305,16347847-1SCN,690982250023801,,1
139460,306795,15210704-44XLCN,691379411750901,,1
139665,306712,15211142-23XLCN,691379411636601,,1
140584,303995,15217505-2LCN,691379407107801,,1
139405,301528,15218711-13XLCN,691379412537501,,1
141241,315243,16217749-2SCN,691379415719201,,1
141920,311155,16218706-2LCN,691379415663801,,1
142076,310794,66212709-12XLCN,691379458509401,,1
142482,312858,15223115-13XLCN,691379417665001,,1
141613,311306,15228130-12XLCN,691379421391101,,1
141557,313640,15228151-3XLCN,691379422055101,,1
142190,311106,16225114-13XLCN,691379417595001,,1
142909,321952,16228150-2LCN,691379422493101,,1
143936,326806,65223348-22XLCN,691379459836001,,1
143362,323900,66223140-4SCN,691379461248601,,1
142950,320060,15231725-33XLCN,691379423488601,,1
144060,324683,15236725-4XLCN,691379424548601,,1
142893,326508,15237612-3XLCN,691379423584501,,1
143653,324294,15238709-33XLCN,690982222096901,,1
143266,327861,16237750-2SCN,690982223041801,,1
143200,321705,66231794-2MCN,691379462348201,,1
145055,330931,15246615-23XLCN,690982224344901,,1
144897,336661,15248686-3XLCN,690982224106301,,1
145058,332335,66242590-1XLCN,691379464180601,,1
145165,331066,15420111-3MCN,6909822557928,,1
145709,333101,15427178-12XLCN,6909822588106,,1
146631,346192,16427120-42XLCN,6909822807948,,1
147100,342731,16427784-23XLCN,6909822813413,,1
146195,344540,16436435-2LCN,6909822861254,,1
146536,348618,16437712-1LCN,6909822864231,,1
145869,345198,15438714-33XLCN,6909822851606,,1
149931,356844,15448846-3LCN,6909822909321,,1
150278,350866,16448803-3XLCN,6909822922559,,1
149365,354860,15518780-3XLCN,6909822955199,,1
149379,351760,15518791-12XLCN,6909822955205,,1
151279,363127,15523302-2XLCN,6909822987947,,1
151368,367489,15527149-5XSCN,6909822999360,,1
151551,368837,15533531-2XLCN,6903599051436,,1
150693,367209,15536675-2SCN,6903599056257,,1
150693,365629,15536675-2MCN,6903599056240,,1
150792,366567,15537710-4XSCN,6903599061947,,1
150643,363978,16536145-2MCN,6903599080948,,1
151247,360690,16537703-2MCN,6903599084694,,1
152151,378856,15546901-24XLCN,6903599076248,,1
152267,371289,15541861-2MCN,6903599100509,,1
153525,374105,16547708-3XSCN,6903599122747,,1
152115,373944,16548703-22XLCN,6903599125922,,1
152955,376987,16548745-1MCN,6903599127537,,1
153327,376694,15541867-42XLCN,6903599133842,,1
153066,379117,15547950-42XLCN,6903599145043,,1
153176,378021,16547743-2MCN,6903599151686,,1
152544,371882,95546912-12XLCN,6913794866612,,1
152093,370049,95547750-3SCN,6913794884890,,1
152691,379526,35448942-3160CN,6913794667400,,1
153766,376305,36449910-2110CN,6913794675313,,1
153223,376777,35539430-2130CN,6903599624555,,1
153427,379303,35546574-1160CN,6903599635988,,1
152761,372798,35547552-3140CN,6903599638248,,1
152000,377482,35544742-4140CN,6903599654149,,1
155269,388691,35331740-3130CN,690982274332101,,1
154567,383044,35339745-3130CN,690982274154901,,1
154387,382106,35346940-3150CN,690982275186901,,1
154081,386458,35347810-3140CN,690982275316001,,1
155061,382401,36328169-1150CN,690982272365101,,1
155004,383350,35418704-1160CN,6909822768812,,1
155557,385128,35427142-4130CN,6909822781484,,1
127870,252660,15628152-24XLCN,6903599252338,,1
127978,253829,16623145-4SCN,6903599260982,,1
127544,257521,16626150-1XSCN,6903599265048,,1
133489,268399,36536702-1150CN,6903599627099,,1
133156,266744,36537712-3160CN,6903599628553,,1
135446,269508,35411701-1150CN,6909822764166,,1
135156,271155,35428780-3170CN,6909822789077,,1
134700,270974,36418718-3120CN,6909822774707,,1
135520,274450,35547944-2150CN,6903599626405,,1
135484,272972,16547748-6SCN,6903599123775,,1
135353,273148,15611703-1XLCN,6903599161227,,1
135869,278582,16617644-33XLCN,6903599216187,,1
136188,276042,16618733-3XSCN,6903599195383,,1
136172,276884,15618726-3XSCN,6903599208946,,1
137034,286608,15411201-43XLCN,6909822511371,,1
137068,285778,16318781-3LCN,690982233306501,,1
137728,280666,65311792-14XLCN,690982233023101,,1
137781,288703,66312709-2SCN,690982233988301,,1
138697,296283,15323111-3MCN,690982238724201,,1
138347,292530,15326142-2MCN,690982237795301,,1
139165,298531,15326312-2MCN,690982235384101,,1
138739,296424,15327121-2LCN,690982235893801,,1
138816,296532,15327147-13XLCN,690982240518201,,1
138223,290117,15328147-4LCN,690982235350601,,1
138578,289698,15328326-2MCN,690982235731301,,1
139287,298855,16323113-1SCN,690982235222601,,1
137915,292131,16325110-1XLCN,690982235822801,,1
138963,296303,16327111-5LCN,690982235408401,,1
138011,295423,15331704-12XLCN,690982241187901,,1
138788,289942,15336615-23XLCN,690982240798801,,1
138940,299098,15337712-2MCN,690982242794801,,1
140864,301603,15345940-4MCN,690982247108801,,1
139950,303455,15347643-1SCN,690982247696001,,1
140405,304799,15347851-1LCN,690982248039401,,1
140798,301639,16347715-3SCN,690982249806101,,1
140170,299748,16347852-3MCN,690982250075701,,1
140367,304492,16348943-3MCN,690982250326001,,1
139550,299838,15211146-23XLCN,691379412096701,,1
140716,304789,15212110-3MCN,691379412231201,,1
139367,305983,15213111-3XLCN,691379411715801,,1
140418,300015,15218910-2XLCN,691379406511401,,1
140487,305834,16215708-32XLCN,691379410639801,,1
141063,311687,15220150-32XLCN,691379418526301,,1
141085,311554,15227141-24XLCN,691379416702301,,1
142511,309888,15228154-14XLCN,691379422144201,,1
143433,327798,16228155-13XLCN,691379416424401,,1
143643,321664,65222033-22XLCN,691379459886501,,1
144172,320528,66222145-2LCN,691379460248701,,1
142792,325722,15230144-2LCN,691379424338301,,1
142688,329000,15231712-2SCN,690982220338201,,1
143759,321825,15237347-2SCN,690982221003801,,1
143474,327515,15237551-2XLCN,691379423038301,,1
143274,326169,15238432-1MCN,691379424165501,,1
143070,325289,16237144-12XLCN,690982221941301,,1
143252,321703,16238725-4XLCN,690982223441601,,1
142912,320563,65231792-24XLCN,691379461568501,,1
144432,336197,15246710-32XLCN,690982225429201,,1
144713,339178,15247554-2SCN,690982227557001,,1
145559,339506,15247642-23XLCN,690982227720801,,1
145421,335729,16246848-1MCN,690982224944101,,1
144944,338934,16247851-2LCN,690982227676801,,1
145585,334665,65242916-2SCN,691379463566901,,1
145293,334896,15421168-33XLCN,6909822563165,,1
144895,331801,15421202-5LCN,6909822564865,,1
144410,332462,15423115-32XLCN,6909822571023,,1
145644,337308,15423302-2XLCN,6909822573638,,1
145075,334934,15427157-2MCN,6909822586591,,1
145190,330224,15428140-4LCN,6909822593865,,1
146210,343104,15428162-2LCN,6909822597351,,1
146568,342843,15428165-4SCN,6909822597672,,1
146023,349027,96438749-2SCN,6913794853162,,1
146020,346471,35326112-2130CN,690982272168801,,1
146548,346661,35328121-3150CN,690982270110901,,1
149303,358876,15448845-2SCN,6909822909109,,1
149723,349785,16447720-2XLCN,6909822915124,,1
150340,355417,15511141-3SCN,6909822926175,,1
149293,358008,15511709-4SCN,6909822930141,,1
149368,356008,15511714-32XLCN,6909822930578,,1
150409,351935,15516541-33XLCN,6909822940478,,1
150113,356704,15516718-6LCN,6909822942120,,1
150003,358961,16517707-2LCN,6909822961183,,1
149449,353841,16518715-2XSCN,6909822968847,,1
149210,349536,15528157-4LCN,6903599012291,,1
149672,356218,16523301-1XLCN,6903599017920,,1
149678,357677,16525145-2MCN,6903599019399,,1
151874,364148,16528532-12XLCN,6903599037928,,1
151008,366591,15523110-2MCN,6909822984694,,1
151454,361869,15525305-2MCN,6909822991371,,1
151704,363986,15530718-12XLCN,6903599040799,,1
150755,365932,15537730-32XLCN,6903599064764,,1
151318,361941,15537746-13XLCN,6903599066119,,1
151616,366452,15538431-14XLCN,6903599069844,,1
152420,373346,15541745-4XSCN,6903599132609,,1
152469,370872,16548722-3LCN,6903599126912,,1
153267,374680,16548740-1SCN,6903599127117,,1
153571,371056,15541709-2XLCN,6903599131077,,1
152389,374867,95547910-4XLCN,6913794866964,,1
152746,375864,35447571-1160CN,6913794662368,,1
152302,369599,35447911-2170CN,6913794663938,,1
154724,387177,35422141-2160CN,6909822779771,,1
154817,382038,35428323-4120CN,6909822787530,,1
155414,383452,35439430-2130CN,6913794650518,,1
155013,388753,36427140-1140CN,2050029496184,,1
154853,386884,15441856-24XLCN,6909822884611,,1
154852,388531,15441856-15XLCN,6909822884543,,1
154251,387285,15441951-3SCN,6909822886233,,1
155508,387624,15445431-1LCN,6909822891169,,1
155276,383303,15446678-3XLCN,6909822893668,,1
155158,383301,15447747-15XLCN,6909822898915,,1
154841,386264,15447916-14XLCN,6909822901936,,1
155758,394816,11418008-240CN,6909822129309,,1
157207,397672,11418858-344CN,6909822133900,,1
156030,393579,11418902-140CN,6909822135485,,1
155995,400265,12415557-136CN,6909822138547,,1
156417,398423,12418054-140CN,6909822143183,,1
156555,392242,12418826-638CN,6909822144548,,1
156989,393010,11315517-441CN,691171398996101,,1
157114,393550,12317733-338CN,691171399567201,,1
158814,410811,11331171-143CN,690982205552301,,1
158556,411212,11338013-244CN,690982206256901,,1
157580,405702,11338842-241CN,690982207625201,,1
157704,407786,12337731-239CN,690982205707701,,1
157702,407210,12337731-336CN,690982205470001,,1
157528,409026,11341186-143CN,690982208274101,,1
157546,404184,11346640-144CN,690982208911501,,1
158771,402376,12346918-340CN,690982210650801,,1
158527,408407,12346967-237CN,690982210683601,,1
158754,408169,11215567-340CN,691171385759801,,1
159996,415344,32215507-137CN,693532465850401,,1
159592,415403,11228008-339CN,691171388516401,,1
160090,417203,11228012-244CN,691171388653601,,1
159106,411646,12223051-335CN,691171389464701,,1
160482,412898,62222029-137CN,691379445187001,,1
160457,415505,62223925-336CN,691379446049001,,1
159515,421129,11233031-644CN,691171391721601,,1
159806,417520,11233058-439CN,691171391428401,,1
159523,418214,11238026-241CN,691171392486301,,1
159345,413039,12235540-239CN,691171393076501,,1
161045,431215,11246627-340CN,691171394113601,,1
161207,424617,11248930-139CN,691171397690901,,1
161662,428539,12249047-136CN,691171396145501,,1
161463,421623,61242837-139CN,691379448699501,,1
160703,430529,62242824-239CN,691379447510401,,1
161372,425489,11425588-739CN,6909822152338,,1
160947,423608,11426616-641CN,6909822153496,,1
162274,423510,11428903-143CN,6909822161736,,1
161161,430013,91311153-443CN,691379481772001,,1
160726,429579,91311154-242CN,691379481783601,,1
161534,423057,91315560-340CN,691379481907601,,1
162312,425876,91325562-339CN,691379482224301,,1
163952,436343,92428013-336CN,6913794837766,,1
163208,438299,11437703-442CN,6909822180799,,1
163035,440865,11437730-341CN,6909822181741,,1
163078,440729,12438049-136CN,6909822194444,,1
163304,431386,91431160-340CN,6913794839203,,1
163551,431673,91431168-343CN,6913794839357,,1
162950,436703,31335511-335CN,690982261722601,,1
163195,431682,31349901-129CN,690982262366101,,1
163856,434985,32326604-137CN,691379493961301,,1
163114,440368,31424526-336CN,6909822638351,,1
162471,437187,32435538-135CN,6909822649241,,1
164317,444653,11448042-441CN,6913794504774,,1
165589,450423,11448044-441CN,6913794504958,,1
164705,447390,12448063-340CN,6913794517187,,1
164213,447147,91445501-244CN,6913794758023,,1
165169,446261,12515501-637CN,6913794538267,,1
164310,444848,12515583-335CN,6913794540109,,1
165266,449668,32518836-234CN,6909822666194,,1
165428,443307,11527766-344CN,6903599404720,,1
164095,443373,11527776-543CN,6903599405376,,1
164194,441834,11528815-344CN,6903599409046,,1
165286,447847,11525515-242CN,6913794549478,,1
164967,447062,92525520-436CN,6913794775020,,1
164369,444508,31521101-434CN,6909822670665,,1
165707,444723,11531325-38CN,6903599423769,,1
166708,454372,11538050-47.5CN,6903599435595,,1
166942,460746,12538072-35CN,6903599447802,,1
166391,456581,92535525-37.5CN,6913794783667,,1
166835,451864,32548936-235CN,6903599700587,,1
167077,452804,31544905-130CN,6903599702178,,1
166355,451712,11541110-410.5CN,6903599456941,,1
166375,453197,11546633-28CN,6903599461594,,1
166050,455311,12545503-56.5CN,6903599468555,,1
167189,453958,11546903-18.5CN,6903599479377,,1
166047,451411,11546926-48CN,6903599479780,,1
166412,459585,11548080-49.5CN,6903599483961,,1
166575,458816,71621309-69.5CN,6930280714134,,1
167594,463399,ZP639901-1000CN,20160914001,,1
175663,465520,19638262-1000CN,6913794345643,,1
173471,471377,19638971-5XLCN,6913794346275,,1
169337,463652,39718251-3000CN,6903599798157,,1
171009,468705,19317337-2000CN,691379427351901,,1
174966,471392,19217313-4000CN,691379425858501,,1
167816,472571,19238156-1000CN,691379426824901,,1
175428,466692,19238302-4000CN,691379426692401,,1
172163,470192,19437973-2XLCN,6913794304213,,1
171134,471433,19515971-14XLCN,6913794314014,,1
168628,471612,19538153-1000CN,6913794326734,,1
278529,584284,32918812-438CN,6903711357675,,1
279090,580368,11918801-89CN,6901664763642,,1
280811,590097,16917701R-12XLCN,6901664587200,,1
280292,588472,16848727A-1XSCN,6901664567264,,1
281789,593377,69232254-1SCN,691379470487701,,1
281995,594414,11918042-39.5CN,6901664791164,,1
287522,621009,36927758-1130CN,6901664233794,,1
287564,621426,36929141-1130CN,6901664235156,,1
287844,622571,39918976R-1165CN,6901664807148,,1
154925,388617,35338710-1150CN,690982273710801,,1
154082,388084,35348501-3160CN,690982275432701,,1
154615,389863,36317702-3160CN,690982271921001,,1
154953,383080,36336430-1160CN,690982274418201,,1
154934,384491,35427147-2170CN,6909822782009,,1
154548,383373,35438707-2120CN,6913794648874,,1
155543,390727,36438592-1160CN,6913794654004,,1
154542,381600,15441708-3LCN,6909822880613,,1
155364,389460,15442711-2MCN,6909822887483,,1
155278,391088,15446678-24XLCN,6909822893538,,1
155636,383874,15447968-75XLCN,6909822904326,,1
155908,392531,11311151-344CN,691171399179701,,1
156230,393729,11315519-440CN,691171399169801,,1
156224,391718,11318039-144CN,690982200195701,,1
156831,397645,11318042-339CN,690982200580101,,1
156146,396567,12315549-140CN,690982200057801,,1
156638,399200,61312606-243CN,690982201574901,,1
156327,393816,11325515-344CN,690982202047701,,1
156323,396307,11325515-442CN,690982204328501,,1
156286,395563,12323051-137CN,690982203317001,,1
158355,406574,11336644-244CN,690982206530001,,1
158794,402739,11338040-442CN,690982206522501,,1
157767,407237,11338901-239CN,690982207737201,,1
157440,407043,12335560-438CN,690982206320701,,1
158409,401527,11345528-340CN,690982208547601,,1
157743,411115,11348004-644CN,690982209498001,,1
158105,410547,11348906-143CN,690982210133601,,1
157460,409086,11218825-243CN,691171385738301,,1
158478,401777,12215509-337CN,691171386018501,,1
159031,415229,61211701-740CN,691379443765201,,1
159099,413725,61213808-242CN,691379444019501,,1
160536,414750,11228812-241CN,691171388788501,,1
160431,420793,12223313-338CN,691171389779201,,1
159654,417606,61222076-441CN,691379445061301,,1
159987,417914,12237734-136CN,691171392773401,,1
162346,426796,61233832-442CN,691379446393401,,1
160898,427590,62231747-135CN,691379447350601,,1
162221,430721,11241168-341CN,691171397033401,,1
161758,428783,11245525-142CN,691171395582901,,1
160738,427753,11248054-140CN,691171395838701,,1
161446,423228,11248805-240CN,691171396402901,,1
161849,425335,11248915-139CN,691171397535301,,1
161686,421909,11425561-244CN,6909822150709,,1
162051,422015,11427750-440CN,6909822156121,,1
160691,425418,12428951-240CN,6909822172305,,1
160735,422420,91315525-339CN,691379481858101,,1
163716,435993,91425512-240CN,6913794835151,,1
163454,433909,11433302-242CN,6909822175931,,1
163445,432394,11438003-244CN,6909822182076,,1
162666,436557,11438802-343CN,6909822186142,,1
162999,438029,32338813-233CN,690982260926901,,1
163574,433009,31415507-234CN,6909822630027,,1
163271,436194,11435599-439CN,6913794521023,,1
163725,438598,11448008-239CN,6913794502794,,1
165687,448582,11448809-343CN,6913794507492,,1
164444,450093,11516630-341CN,6913794529500,,1
164521,448525,11518006-144CN,6913794531336,,1
164491,446389,31516605-336CN,6909822664237,,1
164406,451311,11521392-241CN,6913794548808,,1
164783,441405,91524401-140CN,6913794772807,,1
164826,442902,11531101-26.5CN,6903599419977,,1
165342,444859,11531142-18CN,6903599422489,,1
165818,460695,11538038-27CN,6903599433980,,1
167076,452296,12537708-66.5CN,6903599444078,,1
166695,458383,31548806-335CN,6909822695927,,1
173102,474387,19628971-42XLCN,6913794342147,,1
173891,465827,19637306-3000CN,6913794344431,,1
175395,471737,19347343-1000CN,691379428437901,,1
172385,463935,19448552-1000CN,6913794312577,,1
174993,469760,19537153-3000CN,6913794325430,,1
279184,582568,33919922-232CN,6903711354193,,1
278604,580277,91915526-17.5CN,6901664821441,,1
278635,582270,12848061-25CN,6901664738879,,1
281135,589724,25213401-22XLCN,6953058016148,,1
280788,593232,25213640-1SCN,6953058016506,,1
280661,590974,TG15434307-1LCN,TG15434307-1L,,1
280211,588689,15917641-35XLCN,6919370060832,,1
280756,588892,15918707-4LCN,6919370068234,,1
280348,591781,16917724-54XLCN,6919370080038,,1
281257,588110,35842950-1130CN,6901664145615,,1
280440,588297,35849905-2110CN,6901664135272,,1
287549,621408,35927381-2160CN,6901664219644,,1
287935,623133,12927788-17CN,6919370176427,,1
288345,625786,A35929112-1120CN,6901664295112,,1
288729,628404,16935149R-23XLCN,6919370775347,,1
289130,631065,15927166R-24XLCN,6919370758661,,1
289244,631796,35938783R-2150CN,6919370923243,,1
289344,632515,15937712R-13XLCN,15937712R-13XLCN,,1
289437,633596,15938154R-3XSCN,6919370769803,,1
289470,633943,15928148R-3170CN,15928148R-3170CN,,1
289844,637195,15938701R-23XLCN,15938701R-23XLCN,,1
289857,637430,16927160R-14XLCN,16927160R-14XLCN,,1
290049,638940,11928060-67CN,6919370163052,,1
290101,639345,12928040-18.5CN,6919370177257,,1
290217,640314,15927197-34XLCN,6919370125722,,1
290319,641178,15929503-15XLCN,6919370138364,,1
290761,643801,39929312R-3MCN,6919370801831,,1
290856,644483,36927758-2130CN,6901664233848,,1
291244,647132,56510705-22XLCN,6945052381216,,1
291353,648165,15937435R-22XLCN,15937435R-22XLCN,,1
291355,648204,15937643R-25XLCN,15937643R-25XLCN,,1
291684,650219,36937728-2165CN,6901664288244,,1
291902,651108,31932212-134CN,6903711392478,,1
154819,386617,15441865-32XLCN,6909822885854,,1
154841,390092,15447916-15XLCN,6909822901943,,1
157328,394837,11418880-142CN,6909822134129,,1
156895,395752,11311055-139CN,691171398664901,,1
157291,392911,11321154-339CN,690982202276101,,1
155804,397652,11328809-140CN,690982202283901,,1
157636,404738,11331166-240CN,690982205088701,,1
158212,405130,12338910-237CN,690982205220101,,1
157399,401767,11338094-444CN,690982211338401,,1
158051,402781,11346978-342CN,690982209118701,,1
157773,401745,12348922-135CN,690982211571501,,1
157386,408479,11215502-343CN,691171385138101,,1
157405,402223,11215502-443CN,691171385282101,,1
157644,410745,12217752-135CN,691171386400801,,1
157427,408140,31211102-140CN,691379490067501,,1
160469,417957,12226607-140CN,691171389499901,,1
160591,412868,61221735-444CN,691379445310201,,1
159410,418542,61221743-141CN,691379445703201,,1
159791,421208,61222049-239CN,691379445299001,,1
160597,420404,11231142-144CN,691171390887001,,1
159598,413372,11231148-343CN,691171391324901,,1
160324,416681,11233305-444CN,691171391619601,,1
160577,413777,11235531-241CN,691171391550201,,1
159828,418861,61232014-241CN,691379446518101,,1
162102,427800,62232028-340CN,691379446797001,,1
161304,423078,11247723-341CN,691171397045701,,1
161944,429670,11248822-240CN,691171396535401,,1
161684,429930,11249901-342CN,691171394097901,,1
160912,424328,12248856-237CN,691171395167801,,1
161587,428891,61242072-140CN,691379448286701,,1
162251,422932,12428981-436CN,6909822172862,,1
161739,423179,91311125-439CN,691379481726301,,1
161350,422726,91325591-344CN,691379482283001,,1
163318,431457,91425502-140CN,6913794834734,,1
163762,438560,91425503-143CN,6913794834826,,1
163040,436712,11431120-243CN,6909822175283,,1
162479,432811,11437705-244CN,6909822180935,,1
163044,432248,11438901-142CN,6909822188894,,1
163806,440820,31416607-238CN,6909822631062,,1
163884,432833,32425533-236CN,2050029580630,,1
164026,435564,11443005-239CN,6913794492187,,1
165008,448049,11448802-443CN,6913794506778,,1
165178,448983,12518811-438CN,6913794544510,,1
164491,445705,31516605-335CN,6909822664220,,1
165219,443951,11528030-339CN,6903599406656,,1
165459,449574,12528054-137CN,6903599416105,,1
167184,454570,12535535-56.5CN,6903599440230,,1
166113,461406,12538052-67CN,6903599446805,,1
166737,460145,91535525-39CN,6913794778861,,1
166372,453198,91535570-19.5CN,6913794778939,,1
166243,451589,11538088-17CN,6903599452745,,1
166024,458114,31545521-234CN,6909822693893,,1
165991,452938,11541002-57.5CN,6903599455357,,1
166800,455180,11547701-610.5CN,6903599462942,,1
166461,462388,11541114-48CN,6903599477083,,1
166968,460880,71518803-143CN,6930280708539,,1
166124,456065,72621904-135CN,6930280710648,,1
166517,452088,11714489-110.5CN,6901849043316,,1
166905,453888,32814886-737CN,6903711344545,,1
172883,463601,19627355-2000CN,6913794341003,,1
176143,466921,19637363-2000CN,6913794346572,,1
169242,465424,19646312-4000CN,6913794347746,,1
167904,477232,39739256-2000CN,6901849944699,,1
172268,472517,19847973-34XLCN,6913794383683,,1
177759,466769,19327321-2000CN,691379427648001,,1
172158,474928,19337129-2000CN,691379428018001,,1
177198,477696,19337253-1000CN,691379428292401,,1
172908,475517,19231143-1000CN,691379426708201,,1
168465,465153,19247312-3000CN,691379426974101,,1
176111,467481,19447122-4000CN,6913794309263,,1
173115,476156,19518317-1000CN,6913794317534,,1
175511,474924,19535354-3000CN,6913794324655,,1
169004,472738,19546161-2000CN,6913794329773,,1
172781,474500,39447151-2000CN,6935324693093,,1
278567,580051,12917758-67.5CN,6901664771272,,1
278858,584109,A33929801-231CN,6903711365687,,1
280031,586500,15841953-3MCN,6901664533580,,1
280055,589169,95918704-52XLCN,6901664639060,,1
281298,588652,35838715-2170CN,6901664112464,,1
280729,586856,35848786-3170CN,6901664158349,,1
281253,592945,15917735-34XLCN,6919370064045,,1
281383,593889,19918323-2000CN,6913794386769,,1
178200,594281,12848973-45CN,6901664746065,,1
287251,619145,95727301-15XLCN,6901664655145,,1
287843,622566,91915529-710.5CN,6919370887699,,1
288409,626110,A37938768-1130CN,6919370913121,,1
288480,626561,15931145L-14XLCN,6919370749676,,1
288499,626689,15928194R-1LCN,6919370761791,,1
288976,629929,000000000732300488000CN,000000000732300488000CN,,1
289167,631346,16928154R-3LCN,6919370764211,,1
289347,632566,15937715R-1LCN,15937715R-1LCN,,1
289580,635011,12935565-38CN,12935565-38CN,,1
289841,637136,15928781R-1MCN,15928781R-1MCN,,1
289843,637175,15938701R-1XLCN,15938701R-1XLCN,,1
289863,637540,16927163R-4101CN,16927163R-4101CN,,1
290115,639459,12928081-25.5CN,6919370178230,,1
290124,639531,12928812-35.5CN,6919370180158,,1
290499,642518,16928742-3MCN,6919370662630,,1
290514,642627,19925972-4XLCN,6913794390490,,1
291041,645615,16921157-12XLCN,6919370141234,,1
291072,645846,96928303-33XLCN,6919370981588,,1
291384,648620,11927710-36.5CN,6919370159925,,1
291993,652171,36939148-2120CN,6901664289685,,1
288039,623951,16927644-53XLCN,6919370654536,,1
288473,626505,A35921369-2130CN,6901664298755,,1
288841,629154,36930145-1150CN,6919370917679,,1
288964,629914,15928193R-2LCN,6919370761654,,1
289318,632205,15931140R-4110CN,15931140R-4110CN,,1
289370,632916,15939641R-4110CN,15939641R-4110CN,,1
289458,633788,16938152R-3MCN,6919370771264,,1
289512,634446,15937742R-1160CN,15937742R-1160CN,,1
289872,637690,16928172R-1XSCN,16928172R-1XSCN,,1
290483,642399,16928169-2MCN,6919370660759,,1
291056,645722,16927110R-2SCN,6919370669172,,1
291122,646296,15921185-1MCN,6919370106240,,1
291567,649638,35938115-1170CN,6901664272748,,1
292057,651771,35939728-1101CN,6901664282389,,1
292869,656678,16937162-2SCN,6919370729678,,1
292889,656827,16937647-13XLCN,6919370731985,,1
293311,659944,15937165-4SCN,6919370704408,,1
293340,660184,15937703-1XSCN,6919370708352,,1
293579,661710,19935974-32XLCN,6913794396478,,1
293796,662395,55930522-34XLCN,7000000274763,,1
294054,664090,35935151-2110CN,35935151-2110CN,,1
294199,665210,16948915-2XLCN,6903711064047,,1
292924,669295,16937733-2140CN,16937733-2140CN,,1
295368,672812,91928863-27.5CN,6901664846611,,1
295502,673683,55911410-32XLCN,7000000290268,,1
295541,674007,12946606-26CN,6909822213541,,1
295796,675910,45933191-1MCN,6909822407018,,1
296686,681784,15935310R-13XLCN,6903711085752,,1
296891,683290,12946601-37CN,6909822213237,,1
296915,683479,12948068-45.5CN,6909822217853,,1
297559,688098,F11W811104WTFXLHK,HKF11W811104WTFXL,,1
297946,686739,F11W816102NVFLHK,HKF11W816102NVFL,,1
297818,686364,F11M911107FNVXLHK,HKF11M911107FNVXL,,1
298190,688988,6621XKY02060BLU023HK,20116621XKY02060BLU023,,1
298039,688515,F12W822410FWG5.5HK,HKF12W822410FWG5.5,,1
299954,699687,A35948710-2140CN,6919370989515,,1
300001,699969,A35949705-3130CN,6919370620029,,1
300588,703515,92838801-28CN,6913794729771,,1
300616,703720,95829133-1LCN,6901664604280,,1
301115,706244,F12M911110FWR8HK,HKF12M911110FWR8,,1
301928,711599,152017655-2XSCN,6903711120835,,1
301944,711737,162011745-1MCN,6903711095232,,1
302010,712169,332010015-322CN,6911713301657,,1
302133,712965,352016610S-3165CN,6909822014506,,1
302574,715149,392012471-1000CN,6919370811519,,1
302853,716016,152010704H-1XSCN,6903711153130,,1
302918,716489,A5942712-23XLCN,6919370042708,,1
303745,719323,AASS02108169169CN,887445190219,,1
313920,750553,V129218230211090HK,V129218230211090,,1
314621,749539,V129228242056130HK,V129228242056130,,1
314789,752811,F11W948704FLPLHK,HKF11W948704FLPL,,1
314899,753397,45924005-1SCN,6909822413590,,1
315181,755303,152017370-1SCN,6903711118337,,1
315415,756860,392011411-1000CN,6919370814534,,1
315474,757216,152018356-2MCN,6903711126745,,1
315497,757406,152018557-2XSCN,6903711128725,,1
315639,758565,162018708-3SCN,6903711097311,,1
315656,758707,162018716-3MCN,6903711149119,,1
315663,758760,162018755-23XLCN,6903711149584,,1
316178,761499,11948631-27.5CN,6909822285241,,1
316185,761582,45934004-1XSCN,6909822418458,,1
316401,762888,152017738-23XLCN,6903711123157,,1
316499,763680,162027513-1MCN,6903711173060,,1
317325,763997,SS005501000000CN,6417084055019,,1
317483,763978,SS013337000000CN,6417084131614,,1
318943,765467,KF174OK01G-NV140HK,HKKF174OK01G-NV140,,1
319043,766069,15941749-1LCN,6919370788675,,1
303654,767505,AP5100710LCN,887445194125,,1
319405,768674,15949747-25XLCN,6903711034125,,1
319458,768991,95017501-22XLCN,6911713113052,,1
460463,3183596,AP51020757.5CN,694568135076,,1
603982,2534949,11748065-17CN,6901849134533,,1
644075,3230509,11815511-117CN,6901849164271,,1
664302,3520181,11941634S-210.5CN,6909822276638,,1
668615,3623339,11948893S-48CN,6909822282226,,1
666769,3556426,152017703R-2SCN,6903711184547,,1
604191,2536647,15741201-2LCN,6901849419333,,1
604435,2538280,15747436-5XLCN,6901849435661,,1
604716,2540304,15747715-3SCN,6901849455911,,1
657089,3413446,15919616-2SCN,6919370069170,,1
629461,3023135,15837706R-2XSCN,6901664582588,,1
664473,3521552,162017716-2LCN,6903711143162,,1
657096,3413506,15919750-1SCN,6919370073436,,1
638544,3184973,16917745K-23XLCN,6919370081837,,1
606405,2600691,21635444-WR6.5CN,6906557592408,,1
584174,2187489,21635401-BK9.5CN,6906557537263,,1
598245,2455665,21723903-RD9CN,6906557781192,,1
601515,2499887,22721207A-BK6CN,6906557922373,,1
601714,2502671,21732407-NV7.5CN,6906557854315,,1
577530,2083677,25613761-NVXSCN,6906557412560,,1
606410,2600737,22635443-RD8CN,6906557593269,,1
580618,2131015,22625434-RD6.5CN,6906557448736,,1
601745,2502921,22732402-BK7CN,6906557856968,,1
608209,2626792,22743806-NV8.5CN,6906557945129,,1
577480,2083328,25613641-WTSCN,6906557409041,,1
580801,2132313,25625112-WT3XLCN,6906557479860,,1
584578,2189937,25633321-RBSCN,6906557545626,,1
622322,2917267,25733742A-BKXLCN,6904527005712,,1
598440,2456951,25723741F-DBSCN,6906557847447,,1
580892,2132947,26541110-WTLCN,6906557389312,,1
608224,2626892,25731641Z-WT3XLCN,6904527018620,,1
577723,2085029,26614746-TQSCN,6906557442802,,1
581057,2134099,26624716-MGXSCN,6906557482259,,1
292267,652494,12938883-56CN,6919370203031,,1
292352,654119,A35944675-1170CN,6919370989065,,1
292354,654106,15937711-55XLCN,6919370709595,,1
293053,657959,15939161-13XLCN,6919370678242,,1
293078,658146,16940742-1XLCN,6903711075111,,1
293082,658175,16940971-2MCN,6903711075388,,1
293091,658225,11911101-UNI6.5CN,6901664799948,,1
293180,658839,15931166-2LCN,6919370687251,,1
293384,660558,15939112-4SCN,6919370715169,,1
294265,665729,12938043-17.5CN,6919370211135,,1
294418,666707,35939733-2101CN,6901664282617,,1
294900,669725,11925568R-37CN,6919370184729,,1
294995,670481,12925553-26.5CN,6919370169276,,1
295048,670902,12927702-48.5CN,6919370174508,,1
289905,671488,95917611-7101CN,95917611-7101CN,,1
289917,671527,95917717-6130CN,95917717-6130CN,,1
296316,679135,35840724A-12XLCN,6909822005641,,1
296749,682253,16937143R-1LCN,6903711084656,,1
296890,683281,12946601-26.5CN,6909822213145,,1
297101,684744,35911750-3170CN,6901664159636,,1
297217,685209,19927311-2000CN,6913794391480,,1
297513,688318,F11W838220FWTMMHK,HKF11W838220FWTM,,1
297655,687588,F11W838213FWTMHK,HKF11W838213FWTM,,1
297883,686944,F11W848207FWTSHK,HKF11W848207FWTS,,1
297865,686969,25733127A-WTLHK,HK25733127A-WTL,,1
298900,693132,91838801-17CN,6913794727333,,1
300977,705795,11821166-1111CN,6909822236632,,1
301376,707773,192017336-1MCN,6911729008571,,1
301550,708601,112018042-310.5CN,6909822252281,,1
301564,708709,112018068-38CN,6909822253448,,1
301649,709393,122018082-27CN,6909822268374,,1
302066,712502,352011614-4140CN,6909822010577,,1
302213,713479,352018644-1165CN,6909822019303,,1
302414,714455,362017394-1130CN,6909822028381,,1
302902,716390,45732111-4LCN,6945052344099,,1
303108,717582,112015518-77CN,6909822242145,,1
303963,719601,122018826R-37.5CN,6909822279264,,1
314028,751914,686GP617-07006HK,686GP6170706,,1
314797,752847,F12W941107FWT7HK,HKF12W941107FWT7,,1
315330,756311,912015502-57CN,6909822486440,,1
315458,757079,152018302-12XLCN,6903711125489,,1
315553,757890,152018777-14XLCN,6903711132623,,1
315780,759625,S2018837-18.5CN,6937435189977,,1
315858,760119,35941757-2130CN,6919370931934,,1
315868,760186,35941761-4130CN,6919370932832,,1
317704,764360,152028111-2XSCN,6903711170335,,1
319027,765936,11945587-310.5CN,6919370243204,,1
319161,766932,35948909-4170CN,6919370944552,,1
319325,768019,152021512-2LCN,6903711166246,,1
606679,2601986,11731102-UNI8CN,6901849147755,,1
635935,3143657,11815576-116.5CN,6901849170357,,1
604045,2535420,12748822-67.5CN,6901849139248,,1
657034,3413043,12915511-28.5CN,6901664772682,,1
609493,2668562,15811435-3LCN,6901849472246,,1
657095,3413493,15919732-64XLCN,6919370072040,,1
632493,3097491,16818703-2MCN,6901849504305,,1
657106,3413574,16917776-2MCN,6919370083947,,1
580625,2131074,22625444-NV8CN,6906557449320,,1
592947,2334344,21712515-BK9CN,6906557722362,,1
601768,2503105,22733735-BK7CN,6906557858573,,1
577547,2083801,25614502-NV2XLCN,6906557413697,,1
577461,2083199,25613432-WT2XLCN,6906557407672,,1
592961,2334451,22711112-BW5CN,6906557723192,,1
601763,2503067,22733726-WT8CN,6906557858245,,1
595082,2374548,25641954A-NVXLCN,6906557787996,,1
580837,2132562,25628112-NVLCN,6906557457325,,1
584576,2189930,25633159-WT3XLCN,6906557570574,,1
593001,2334773,25641437A-NVLCN,6906557775429,,1
611220,2702791,25733473A-NV2XLCN,6904527005583,,1
608379,2627835,25743759-NVSCN,6906557976963,,1
598308,2456156,25721128-RBXLCN,6906557793683,,1
598360,2456472,25723110F-NV2XLCN,6906557837417,,1
611102,2701553,25744424A-WTLCN,6904527055823,,1
598472,2457146,25724125-WTXLCN,6906557800077,,1
577716,2084982,26614720-WTLCN,6906557425331,,1
580952,2133366,26621149-NVMCN,6906557471918,,1
608387,2627883,25743783-NVSCN,6906557977441,,1
584847,2191556,26634724-MGLCN,6906557556578,,1
593544,2339021,26716225-RD2XLCN,6906557786999,,1
593395,2337170,26714766-MGLCN,6906557754707,,1
581087,2134311,26626214-BKMCN,6906557475695,,1
598669,2458342,26721142F-WTXSCN,6906557841094,,1
602227,2505916,26733720F-WTXSCN,6906557866479,,1
605723,2586002,35742942-2170CN,6901849873289,,1
661591,3483868,26743750B-NVSCN,6904527067765,,1
611123,2701676,26743790A-MGXSCN,6904527057421,,1
646307,3262148,35823212-173CN,6901664125310,,1
662417,3498745,31855580-339CN,6903711348215,,1
618858,2795315,35829741-3130CN,6901849919437,,1
630872,3073337,35849716-2120CN,6901664158820,,1
581473,2138538,82515533-437CN,6911729294929,,1
657315,3415060,45732204-1LCN,6945052338678,,1
614512,2745962,866TA504-54014CN,866TA5045414,,1
630256,3031886,876MA206-97008CN,876MA2069708,,1
634200,3122999,676BJ808-25090CN,676BJ8082590,,1
634921,3126980,886GP104-95010CN,886GP1049510,,1
630359,3033386,686BX609-11006CN,686BX6091106,,1
630386,3129640,686GV861-91050CN,686GV8619150,,1
581475,2138549,82515580-436CN,6911729295414,,1
614673,2748009,846HP072-5814CN,846HP0725814,,1
670193,3670541,95027158-2LCN,6911713153850,,1
587715,2225708,95521116-LB165CN,6906557300355,,1
587791,2226334,95521784-DB110CN,6906557306586,,1
292394,654306,16938717-33XLCN,6919370746774,,1
292731,655780,16935147-2LCN,6919370724000,,1
292897,656885,16937705-52XLCN,6919370732791,,1
293016,657721,A35929252-2120CN,6901664264132,,1
293081,658166,16940971-1MCN,6903711075302,,1
293374,660475,15937787-15XLCN,6919370714346,,1
293408,660757,15939535-24XLCN,6919370717569,,1
293812,662504,56911401-3XSCN,7000000264344,,1
294123,664619,15948703-2XSCN,6903711022894,,1
294284,665886,12938845-16CN,6919370212705,,1
294547,667357,A35929781-3101CN,6901664254546,,1
295056,670969,12927773-36CN,6919370176083,,1
295798,675921,45933194-12XLCN,6909822407216,,1
295877,676386,36825302-2140CN,6901849909391,,1
295999,677122,11945576-28.5CN,6919370240852,,1
295999,677123,11945576-29CN,6919370240869,,1
296468,680171,31945586-438CN,6919370841660,,1
296866,683088,12945565-16CN,6909822210106,,1
296925,683556,12948081-38CN,6909822218706,,1
297349,685976,16847107R-3DXSCN,6919370796038,,1
297388,686195,32948811-433CN,6919370831968,,1
297927,687893,7112571474600NV00LHK,20117112571474600NV00L,,1
299111,694750,95828188-1XSCN,6901664607335,,1
300280,701618,11937710-16.5CN,6919370196555,,1
300964,705726,36945711-1160CN,6919370949854,,1
300994,705914,31949989R-229CN,6919370868452,,1
300998,705944,46933740-14XSCN,6909822416539,,1
301607,709057,112018881-310.5CN,6909822256845,,1
301728,709960,112011103-39CN,6909822238049,,1
301742,710072,112011606-59CN,6909822239169,,1
301834,710790,152011701-2MCN,6903711087589,,1
301936,711666,15946701R-34XLCN,6903711152171,,1
302323,714052,352019628-2130CN,6909822024772,,1
302373,714252,352019750-4130CN,6909822026776,,1
302781,715553,H5935712-2165CN,6909822009144,,1
303172,718093,112015590-27.5CN,6909822247249,,1
303301,719070,35938728R-1160CN,6909822006211,,1
309642,737083,681BA613-59090HK,681BA6135990,,1
315167,755190,152016533-2SCN,6903711114247,,1
315195,755426,152017763-15XLCN,6903711123966,,1
315367,756596,15941738-24XLCN,6919370787340,,1
315494,757387,152018556-13XLCN,6903711128398,,1
315737,759279,11945563-68CN,6909822277215,,1
316407,762936,152017799-2MCN,6903711124819,,1
317735,764643,162028145-1MCN,6903711173985,,1
317764,764838,95017707-42XLCN,6911713117579,,1
625004,2964515,11731150-610.5CN,6901849118878,,1
603870,2534101,11745578-108.5CN,6901849126057,,1
657044,3413080,12918860-37CN,6901664776857,,1
609594,2669432,15819708-3SCN,6901849491919,,1
604746,2540618,15747943-12XLCN,6901849459056,,1
609478,2668450,15811201-4MCN,6901849471126,,1
627340,2993086,15833146-35XLCN,6901849586318,,1
639108,3188951,15919717-2XLCN,6919370070879,,1
580720,2131742,25623143-WTMCN,6906557454867,,1
622283,2917013,22741349B-WT6CN,6904527117354,,1
580650,2131251,25541143-NVSCN,6906557387028,,1
577469,2083255,25613443-WT2XLCN,6906557408235,,1
598475,2457165,25724128-WT2XLCN,6906557800268,,1
584650,2190371,25634715-MGLCN,6906557555069,,1
601831,2503504,25732150-NVMCN,6906557883810,,1
608227,2626905,25733127B-RDXSCN,6904527029404,,1
593145,2335635,25713750-MGSCN,6906557742155,,1
577670,2084659,26613740-MGMCN,6906557422330,,1
577686,2084769,26613769-NVXSCN,6906557423481,,1
602062,2504925,25736750-MGXLCN,6906557895592,,1
608325,2627505,25743473-NVSCN,6906557975041,,1
607872,2618642,25743453E-WTXLCN,6904527000892,,1
608355,2627692,25743743F-DYLCN,6906557929747,,1
593234,2336170,26711150-WT2XLCN,6906557608659,,1
577692,2084816,26614143-MG2XLCN,6906557423849,,1
608603,2629193,26743708-WT2XLCN,6906557987372,,1
598843,2459426,26726122-WTMCN,6906557816689,,1
602115,2505240,26731704F-NVXSCN,6906557865212,,1
605701,2585900,36749928-2130CN,6901849864485,,1
608096,2625989,31744202-336CN,6903711274118,,1
657462,3419764,41859973-131CN,6903711320099,,1
651954,3322812,31839902-230CN,6903711300664,,1
544012,1645339,55220802-1LCN,ZP552208020102,,1
614065,2743928,631CA769-1180CN,631CA7691180,,1
615254,2752929,71811100-69CN,6930280778440,,1
663413,3510984,35938771R-1140CN,6909822007393,,1
614721,2748192,856EP059-9508CN,856EP0599508,,1
624835,2959665,861GP236-95014CN,861GP2369514,,1
659930,3456017,45822228-6 195000CN,6901664185291,,1
634174,3122894,676AP804-11080CN,676AP8041180,,1
634184,3122933,676AW709-59006CN,676AW7095906,,1
646116,3260183,731100354SCN,7000000900549,,1
581459,2138447,81518849-345CN,6911729293267,,1
614839,2748655,836EW161-5816CN,836EW1615816,,1
614354,2745260,861CA122-31008CN,861CA1223108,,1
605034,2581811,95717704-42XLCN,6911713241205,,1
612816,2719535,95828135-4SCN,6911713271028,,1
630246,3031819,876GP003-95010CN,876GP0039510,,1
627982,2997835,881BX211-02016CN,881BX2110216,,1
587900,2227244,96521781-OR120CN,6906557315694,,1
620169,2815099,881AN013-17004CN,881AN0131704,,1
613040,2721006,96825115-2MCN,6911713286237,,1
670174,3670429,95027126-2SCN,6911713152730,,1
663753,3514492,A11W013245FNVXLCN,6918030019043,,1
670216,3670678,95029160-13XLCN,6911713155229,,1
587731,2225849,95521144-WT140CN,6906557301918,,1
605195,2582855,95729158-14XLCN,6911713234528,,1
665818,3538425,A31015552-739CN,6909822500047,,1
602022,2504685,25734754-DB3XLCN,6906557893260,,1
581127,2134593,26628305-WTXLCN,6906557466501,,1
608269,2627167,25741753-NVSCN,6906557972576,,1
589166,2273686,26633162-NV2XLCN,6906557591395,,1
608425,2628114,25744423-WTMCN,6906557979285,,1
584788,2191199,26633443-NVMCN,6906557563286,,1
584691,2190617,26631145-RDMCN,6906557561848,,1
602220,2505875,26733611-WTSCN,6906557903853,,1
602265,2506153,26733772-NVXLCN,6906557905680,,1
607926,2618975,26743741A-NVMCN,6904527021293,,1
608480,2628447,26721207A-NVSCN,6904527006856,,1
593298,2336555,26713435-YEXSCN,6906557748812,,1
608488,2628501,26728159A-NV3XLCN,6904527008287,,1
598904,2459803,26728157-NV2XLCN,6906557820198,,1
602207,2505800,26733434-WT2XLCN,6906557903297,,1
602327,2506521,26735202-WTXSCN,6906557909664,,1
608594,2629133,26743475-WTSCN,6906557986900,,1
605655,2585707,36748911-4160CN,6901849862559,,1
612220,2713607,36819642-1101CN,6901849891610,,1
666424,3546833,312015560-539CN,6919370872893,,1
606126,2587900,31744800-539CN,6901849654758,,1
665952,3539321,33949949-129CN,6919370836871,,1
666437,3547190,322018806-135CN,6919370879168,,1
618823,2795145,35828745-3130CN,6901849915354,,1
618818,2795119,35828119-2160CN,6901849915095,,1
636422,3150515,35918440-1150CN,6901664190592,,1
592051,2636975,36710610-1XSCN,6901849749478,,1
614535,2747518,866BN012-56016CN,866BN0125616,,1
634714,3125685,876MJ211-51010CN,876MJ2115110,,1
634811,3126233,876VP104-97012CN,876VP1049712,,1
634277,3123297,676GP784-57080CN,676GP7845780,,1
634239,3123150,676BX635-95080CN,676BX6359580,,1
670305,3671213,95027741-2MCN,6911713160575,,1
614312,2745049,851GW054-5308CN,851GW0545308,,1
614718,2748195,856EP059-5710CN,856EP0595710,,1
614778,2748418,856AP015-9506CN,856AP0159506,,1
634681,3125494,876GP101-47014CN,876GP1014714,,1
670179,3670460,95027130-3XLCN,6911713153041,,1
649711,3298928,A12W925501FSV5CN,6904527787939,,1
665866,3538805,A33018811-238CN,6909822504151,,1
664937,3524829,96019212-1XLCN,6911713124126,,1
668475,3576779,A33015556-438CN,6911713503600,,1
644113,3230807,A32835550-237CN,6903711361610,,1
670539,3672697,96029117-32XLCN,6911713175906,,1
587893,2227185,96521720-PC160CN,6906557315045,,1
667685,3571778,A11W011717FRDSCN,6918030017292,,1
636937,3155041,A5821611-2XLCN,6901664376934,,1
661501,3483299,A11M013707FNV3XLCN,6906557242549,,1
663761,3514538,A11W012615FBKSCN,6918030018442,,1
668195,3574948,A11M011620FWTMCN,6918030011177,,1
590094,2290072,C1631910-135CN,6930280751856,,1
664083,3517903,A2922407-37.5CN,6901664355427,,1
665810,3538358,A31013552-423CN,6909822499372,,1
665862,3538771,A33013592-623CN,6909822503819,,1
665705,3536864,A35018713-1170CN,6911713129312,,1
606543,2601545,D6421SFT76-MGLCN,6901849969111,,1
603681,2517713,D7128TCT46-BK36CN,6932934470519,,1
613578,2740248,A35821140-2140CN,6901849922574,,1
607345,2611821,D7411ADJ31-BKMCN,6932934415022,,1
607637,2616202,D7343TFP11-BKLCN,6932934436676,,1
621663,2918007,D8221TPT10-BKLCN,6932934461685,,1
667140,3568152,F11M018196ADB3XLCN,6918030250811,,1
663615,3513665,F11M018502FBK3XLCN,6918030030925,,1
611367,2703981,F11M818110NVFLCN,6904527085370,,1
624562,2939488,D6126TSO01-GY27CN,6901849980475,,1
621768,2898544,D8122IKL05-BKSCN,6932934451341,,1
603153,2515839,D7122PFT80-WTMCN,6970565463579,,1
632071,3094982,F11M848513FNV3XLCN,6904527444054,,1
655229,3391531,F11M928176FWTLCN,6950639260273,,1
630124,3030613,D8432RWP05-DBSCN,6941060910714,,1
663717,3514287,F11M011801FNVLCN,6918030022715,,1
669041,3624347,F11M938199AWT3XLCN,F11M938199AWT3XL,,1
665621,3534473,F11M944901ANVMCN,6918030238161,,1
623939,2937556,D8322RTS91-BKMCN,6932934456094,,1
627587,2995533,D8431DPD34-LG2XLCN,6941060918338,,1
655481,3392944,F11M944911FNVSCN,6906557115461,,1
665542,3533993,F11W018221FBKSCN,6918030040931,,1
632160,3095512,F11W844944FBKSCN,6904527452028,,1
655122,3390881,F11M924503FNVSCN,6904527705100,,1
646598,3264884,F11M938142FWTSCN,6904527885253,,1
654355,3386355,F11W948230FBKXLCN,6906557140296,,1
669006,3624069,F12W024506FLS5.5CN,6918030265204,,1
619899,2808141,F11W828123FLP2XLCN,6904527239766,,1
656072,3396676,F12W932510AWT8CN,6906557014399,,1
667391,3569972,F16M018402FNVSCN,F16M018402FNVS,,1
620795,2831867,F51M818696NVA2XLCN,6904527137079,,1
656687,3400108,F11W925121FWTSCN,6904527726372,,1
667820,3572648,F61M018205FNV4XLCN,6918030202940,,1
631637,3088238,F61W838215FWT2XLCN,6904527301678,,1
654543,3387522,F61W928501FNV2XLCN,6904527801154,,1
651417,3318606,F11W938371FNVMCN,6906557031471,,1
653111,3352943,F12W932404FNG6.5CN,6950639237442,,1
659415,3450472,K11B911222FPT170CN,6904527782699,,1
789036,9632325,192045975-2SCN,6911729027145,,1
611923,2709186,K12G811114WTF140CN,6904527127230,,1
640296,3196644,F16W918401FWT3XLCN,6904527654781,,1
669521,3635406,K14B011101FBW12CCN,6918030003516,,1
655719,3394416,F16M918501FNVXLCN,6904527549575,,1
662876,3508238,F61M918515FNV4XLCN,6904527629840,,1
655856,3395248,F61M938105FNVMCN,6950639218120,,1
623366,2933582,F81M828103ANVSCN,6904527287576,,1
614482,2745879,871HP220-58012CN,871HP2205812,,1
663826,3514932,A11M012711FGY2XLCN,6918030012501,,1
663826,3514931,A11M012711FGY3XLCN,6918030012518,,1
670174,3670425,95027126-22XLCN,6911713152693,,1
669901,3651906,95038742-2MCN,6911713148634,,1
668361,3576064,A35028117-2140CN,6911713139250,,1
629132,3019156,A35849797-2101CN,6901664170655,,1
637402,3159142,A35819650-3101CN,6901664209218,,1
644939,3236277,A12M915503FSV9CN,6904527674062,,1
644997,3236539,A11W913315FBUSCN,6904527697047,,1
635694,3135424,A2842404-37.5CN,6901664352914,,1
624373,2939017,D6423TDV10M-MGXLCN,6901849967483,,1
619219,2797952,A35822211-2170CN,6901849935895,,1
665890,3538934,A33019816-533CN,6909822505448,,1
666900,3566156,A35018728-8130CN,6911713144230,,1
603261,2516206,D7122PFP02-MGMCN,6970565463425,,1
607730,2616592,D7331TKT55-MGMCN,6932934420651,,1
607721,2616551,D7331TPT50-CC3XLCN,6932934422761,,1
668488,3576861,A33019816-229CN,6911713504423,,1
621819,2915964,D8122IBR02-WTMCN,6932934451198,,1
630119,3030590,D8322ITS02-BKLCN,6941060923226,,1
635585,3137068,A5842708-22XLCN,6919370006342,,1
631304,3086525,A5821144-4XLCN,6901664365662,,1
587636,2224925,C1631301-335CN,6930280750804,,1
667982,3573629,CRMLP19226-NVXSCN,6918030002441,,1
624585,2939516,D6123RFT25-MG2XLCN,6901849962471,,1
606555,2601591,D6423SKT76M-WTXLCN,6901849969333,,1
639401,3191767,F11M918612FNVXLCN,6904527585450,,1
607098,2610923,D7329LCR33-WT42CN,6932934478003,,1
607370,2611922,D7421SFT72-BKLCN,6932934426646,,1
655345,3392147,F11M939601FWTSCN,6950639244846,,1
624030,2937953,D8231TFP57-BKLCN,6932934465010,,1
624012,2937868,D8232YKL38-BKXLCN,6932934448334,,1
630034,3030196,D8431TDJ68A-RD2XLCN,6941060925787,,1
619689,2806830,F11M828124FNVMCN,6904527224359,,1
632004,3094555,F11M844606FBKXSCN,6904527437735,,1
632827,3111169,F11M838105FWT_HKXLCN,HKF11M838105FWTXL,,1
631987,3094449,F11M844221FWT3XLCN,6904527436325,,1
663240,3510492,F11M910604FBKSCN,6904527576571,,1
655162,3391124,F11M926107FBKXLCN,6904527707715,,1
646572,3264722,F11M938117FBKMCN,6904527883631,,1
611484,2704702,F11W811902NVF2XLCN,6904527092880,,1
665490,3533679,F11W018607FBKXLCN,6918030045202,,1
661254,3475718,F13U948306FWTSCN,6906557181244,,1
667089,3567834,F16M018182FPU3XLCN,F16M018182FPU3XL,,1
668788,3623655,F52W011402FSW7CN,6918030267239,,1
639748,3193925,F11W918228FBKXSCN,6904527593264,,1
646721,3265655,F11W931103FNV2XLCN,6904527892473,,1
656685,3400101,F11W924873FRD2XLCN,6904527726242,,1
646729,3265701,F11W931110FNV2XLCN,6904527893043,,1
667364,3569745,F12M011102ABG6.5CN,6918030077999,,1
636657,3153435,F12W843720FRD5.5CN,6904527614594,,1
656054,3396538,F12W931128AMM7.5CN,6906557013064,,1
620369,2819031,K12B822181NVF165CN,6904527178416,,1
667297,3569197,F12W941140AWT8CN,6906557269225,,1
661844,3485664,K12B942280FBK165CN,6906557155900,,1
663050,3509292,F16M918710FWTSCN,6904527648438,,1
640261,3196453,F16M918401FNV3XLCN,6904527646144,,1
669260,3634010,K12B011292FNV150CN,6918030235689,,1
669297,3634220,K12B011907FPT165CN,6918030221712,,1
621529,2896705,F52M821107AWT8.5CN,6904527249826,,1
638924,3187776,K14B911104FNW10CCN,6904527597101,,1
619147,2797583,F52W822408WTA6CN,6904527166574,,1
661039,3474705,F61M948203FWT2XLCN,6906557208378,,1
662073,3486864,K15B942403FWN2.5YCN,6906557086914,,1
655805,3394927,F61M928614FNV2XLCN,6904527794845,,1
666224,3542895,K15G942409FWP3YCN,6906557241917,,1
661516,3483431,F61W818501NVFXLCN,6904527146514,,1
627489,2995045,F61W838123FRDXLCN,6904527301067,,1
670109,3670085,F61W834711FVTXSCN,6904527281604,,1
655763,3394676,F61M928112FNV3XLCN,6904527791615,,1
621031,2885124,F81M818117NVASCN,6904527246481,,1
588445,2229953,KF162PS16G-LP150CN,6906557488978,,1
588612,2230805,KF162YS03B-WT160CN,6906557497390,,1
669136,3633476,K11B014250FNV120CN,6918030215490,,1
628124,2999554,K18B852105RDFXSCN,6904527342640,,1
589927,2284895,KF164TK07B-MG160CN,6906557666659,,1
666154,3542517,K11B942280FBK120CN,6906557289155,,1
660231,3460902,F72W933715FGD7.5CN,6906557226587,,1
608916,2630833,KF174KP02G-RD165CN,6906557960313,,1
659552,3451130,K12B823629HNV120CN,6906557046314,,1
631445,3087032,K12B832280NVF160CN,6904527335710,,1
588748,2231484,KF163RS09B-RD150CN,6906557584939,,1
612078,2710342,KF174KT17B1-RD165CN,6904527078662,,1
595187,2375202,KP171SK04B-GYXSCN,6906557767165,,1
659544,3451093,K12B823136HNV165CN,6950639251776,,1
626990,2989320,LHTM86671120CN,LHTM8667101BR120,,1
617100,2762840,LKTW64321100CN,UKTW6432101CR100,,1
616786,2761673,LHTM63031115CN,UHTM6303101CN115,,1
652987,3352184,K18B951316F99MCN,6950639277929,,1
652286,3326613,K62B923804FDB120CN,6904527821312,,1
596627,2437939,N1718804-47.5CN,6930280729329,,1
644867,3235895,K62G913937FWT160CN,6904527661178,,1
588535,2230412,KF162TH01B-BG120CN,6906557493323,,1
601040,2489129,S1726602-47CN,6937435100132,,1
625258,2967309,S9828249-2MCN,6937435190942,,1
599412,2468025,S5723001-12XLCN,6938709000509,,1
665368,3532897,T11M012801FBKLCN,6918030053535,,1
608951,2631107,KF174KT10G-RD110CN,6906557963390,,1
589086,2233144,KX162RJ02U-WT12.5CCN,6906557452290,,1
626497,2979985,T12W833706FWT8CN,6904527404263,,1
665289,3532406,T11U015103FBKSCN,6918030059223,,1
619486,2805242,LHGS87011115CN,LHGS8701101KH115,,1
615942,2758876,LHOM7533190CN,UHOM7533101CC90,,1
616777,2761643,LHTM62571115CN,UHTM6257101WH115,,1
660582,3471964,T12W940203FBT5.5CN,6906557202338,,1
617699,2764571,LKJM5C091105CN,UKJM5C09101MG105,,1
618337,2766295,LKDW4058195CN,UKDW4058101JA95,,1
623435,2933976,LKTM86141100CN,LKTM8614101BL100,,1
616993,2762412,LKJW6554190CN,UKJW6554101BG90,,1
620194,2815687,LKWM80041105CN,LKWM8004101TA105,,1
616998,2762432,LKNA6302175CN,UKNA6302101RE75,,1
601287,2490665,S1723307-39CN,6970434635199,,1
585727,2199828,S2521201-139CN,6944947857171,,1
601106,2489620,S2728825-27.5CN,6937435105861,,1
607967,2623921,S2733312-16.5CN,6937435116232,,1
626330,2979013,T11M839506FWT2XLCN,6904527391457,,1
585751,2199989,S2511303-441CN,6944947860164,,1
668017,3573806,T11M010607FBK2XLCN,6918030087417,,1
667262,3568927,T12W011107FLV8CN,6918030070198,,1
660644,3472373,T11W941905FRDXLCN,6906557198341,,1
546511,1662744,ZP1304001-1000CN,ZP130400101,,1
635065,3127972,Y76VL519-97010CN,Y76VL5199710,,1
788690,9630478,SAL051502NACN,SAL051502000,,1
788735,9630688,T11M041911FBN3XLCN,6918030700620,,1
788869,9631575,K12G034257FNV150CN,6918030790720,,1
788807,9631157,T12W041204FWB5CN,6918030716638,,1
789174,9632782,T11W041205FBK3XLCN,6918030704574,,1
789201,9632917,T11W043204FWTXSCN,6918030696510,,1
789881,9636825,152048747-5XLCN,6901776112659,,1
789953,9637381,162048703-1XLCN,6901776128902,,1
789956,9637399,152048710-45XLCN,6901776109949,,1
789926,9637170,152048917-4SCN,6901776115322,,1
790010,9637824,152048326-1SCN,6901776107334,,1
790335,9640438,162046602-63XLCN,6901776117685,,1
790254,9639785,152041324-2LCN,6901776072540,,1
790737,9643417,A31046352-123CN,6911713566094,,1
791804,9650216,T11M011104HBKXLCN,6918030738678,,1
791933,9651243,T11M013802HBKLCN,6918030739712,,1
791931,9651225,T11M013605HBKSCN,6918030739583,,1
792427,9654636,F11M032801FNV2XLCN,6918030481680,,1
792628,9655779,K12G033528FWT150CN,6918030527081,,1
792690,9656135,A11W031702FLPSCN,6918030470905,,1
793083,9658240,K55G031180FWP7YCN,6918030617553,,1
588410,2229779,KF162OK08G-LP160CN,6906557487018,,1
656144,3397204,F62W931124FBK7CN,6904527678053,,1
666829,3565616,K11G941333FRD120CN,6918030093593,,1
602694,2508491,KX173CT08U-WT13CCN,6906557860989,,1
669414,3634839,K12G011299FRD165CN,6918030237300,,1
669417,3634853,K12G011310FNV150CN,6918030237393,,1
619506,2805427,LHNM87031102CN,LHNM8703101BE102,,1
608985,2631385,KF174TG03G-MG165CN,6906557966520,,1
616803,2761728,LHTM65431110CN,UHTM6543101LE110,,1
589050,2232756,KX161CT03B-BU5.5YCN,6906557400253,,1
589985,2285272,KX164CT03U-YE4YCN,6906557614018,,1
661976,3486289,K12G943260FWT130CN,6906557163431,,1
622161,2915750,LHJM87411105CN,LHJM8741101GY105,,1
625358,2968210,LKTM8K02195CN,UKTM8K02101NA95,,1
670656,3688336,S2018853-26CN,6938709050184,,1
592852,2333370,N1631309-107CN,6930280721439,,1
633475,3115051,K14B842402WNF9CCN,6904527486955,,1
601169,2490119,S2723601-55CN,6937435110858,,1
652291,3326655,K62G921109FRD140CN,6904527822326,,1
588813,2231806,KF163TS03B-MG120CN,6906557589224,,1
601189,2490282,S2723605-96.5CN,6937435112487,,1
588688,2231183,KF163OH04G-RB140CN,6906557580900,,1
665373,3532928,T11M012703FBKXLCN,6918030053139,,1
665332,3532674,T11M013801FBK3XLCN,6918030056048,,1
609081,2631970,KX174WB02G-PK5.5YCN,6906557947604,,1
588907,2232136,KP161SK05G-LPLCN,6906557438331,,1
668628,3623429,T13W011308FRDSCN,6918030072826,,1
667494,3570557,T11W012508FWTXLCN,6918030063565,,1
615787,2758229,LHFW77511105CN,UHFW7751101BL105,,1
617674,2764480,LKJA5202190CN,UKJA5202101GY90,,1
620198,2815690,LHNM87091102CN,LHNM8709101BL102,,1
618539,2766857,LKTW4224195CN,UKTW4224101GR95,,1
595047,2374510,N9711152-2000CN,6970434639203,,1
617202,2763158,LYCW6012160CN,UYCW6012101GY60,,1
633687,3117924,S1918830-410.5CN,6937435150045,,1
617233,2763232,LYFX69011250CN,UYFX6901101BL250,,1
601058,2489261,S2718807-55.5CN,6937435102044,,1
601298,2490752,S2723309-48CN,6970434637865,,1
613452,2737999,S2815518-45.5CN,6937435129775,,1
626364,2979217,T11M839707FNV2XLCN,6904527393253,,1
638187,3176284,T11M912207FBKLCN,6904527552742,,1
608007,2624238,S2748814-35CN,6937435120529,,1
640681,3199075,T12W911107FBK5.5CN,6904527565179,,1
633895,3120698,T11M849201FWT3XLCN,6904527500859,,1
633894,3120689,T11M849201FTQLCN,6904527500767,,1
660873,3473701,T11M941230FBKSCN,6906557186072,,1
665272,3532301,T11W011209FPK2XLCN,6918030060823,,1
626818,2982581,T13W839303FPCXSCN,6904527400463,,1
660702,3472715,T11W941220FWTLCN,6906557194961,,1
788745,9630737,T11M041806FBK2XLCN,6918030700538,,1
788773,9630892,T12M031205FLG10.5CN,6918030712753,,1
789273,9633294,T11M043604FBK3XLCN,6918030702921,,1
789380,9633835,T12W041110FBS7CN,6918030698866,,1
789610,9635122,352041590-1150CN,6901776215756,,1
789556,9634774,T11W043201FBKLCN,6918030686511,,1
789605,9635089,352041792-1130CN,6901776217163,,1
789765,9636087,T11W042217FWTSCN,6918030685460,,1
789842,9636546,162045902-12XLCN,6901776116749,,1
789947,9637330,152048503-25XLCN,6901776107426,,1
790024,9637925,152048810-23XLCN,6901776113748,,1
790582,9642381,152047803-2XLCN,6901776102032,,1
790608,9642579,162046704-3XLCN,6901776117913,,1
790822,9644039,46941002-1XSCN,6909822427276,,1
790748,9643487,F51W048139FWTXLCN,6918030628504,,1
791686,9649285,K55G022410AWT1.5YCN,6918030906756,,1
791788,9650086,T11W931707HBKMCN,6918030753473,,1
791951,9651387,T11M933638HBK2XLCN,6918030722257,,1
791997,9651749,T12M941203HBK8CN,6918030754883,,1
792168,9653099,T11M941205HDGXSCN,6918030732423,,1
792168,9653102,T11M941205HDGLCN,6918030732379,,1
792273,9653874,K65B031301FWT3YCN,6918030618642,,1
792460,9654785,F71M038115FBUSCN,6918030508820,,1
792670,9656022,F12M034518FBK9.5CN,6918030601224,,1
792729,9656371,T11W032502GDBLCN,6918030454073,,1
793171,9658755,A11M035702FWTLCN,6918030466885,,1
668457,3576662,A31019010-131CN,6911713502436,,1
665824,3538470,A31015553-737CN,6909822500573,,1
605040,2581848,95718531-23XLCN,6911713241335,,1
631924,3091602,A35848749-2160CN,6901664183662,,1
644920,3236175,A11W913401FWTXLCN,6904527697191,,1
644065,3230452,A12M915508FBK9CN,6904527674468,,1
655028,3390333,A11M942961FNV2XLCN,6906557101273,,1
664223,3518388,A6842741-1SCN,6919370011360,,1
664117,3518029,A6832205-3MCN,6901664384229,,1
624443,2939190,D6326LSO01-WT27CN,6901849981373,,1
665865,3538798,A33018001-339CN,6909822504083,,1
665852,3538700,A33013555-726CN,6909822503109,,1
660410,3470670,A71M931202FWTXSCN,6906557228468,,1
624410,2939130,D6321TTL10-CC2XLCN,6901849968008,,1
663988,3516495,A5942640-1XLCN,6919370042500,,1
603220,2516071,D7121RWP22-NVLCN,6932934400325,,1
607069,2610861,D7321TCB17-MGLCN,6932934435068,,1
606561,2601608,D6421SHT77-MGXLCN,6901849969647,,1
630153,3030742,D8331IFP40-DBMCN,6941060924490,,1
630132,3030653,D8431TDJ53-WT2XLCN,6941060918826,,1
655685,3394190,F11M948905FPU2XLCN,6906557126658,,1
663262,3510568,F05U938173FNVXSCN,6906557081681,,1
621707,2915989,D8231TFT52-NVXLCN,6932934465126,,1
633011,3112272,F11W834603FBK_HKSCN,HKF11W834603FBKS,,1
639373,3191597,F11M918233FBK3XLCN,6904527583302,,1
654696,3388437,F11W938108AWTXSCN,6906557062628,,1
655674,3394122,F11M948626FNVXLCN,6906557125972,,1
655605,3393693,F11M948224FNVLCN,6906557121868,,1
667121,3568037,F11W018148FPULCN,6918030090189,,1
661561,3483682,F11W813601PCFMCN,6904527046029,,1
655461,3392822,F11M944504FPTXLCN,6906557114242,,1
633245,3113833,F12W832410FBK_HK6.5CN,HKF12W832410FBK6.5,,1
656129,3397110,F12W943711FMB6CN,6906557180049,,1
650544,3307179,F11W839302FWT_HKSCN,HKF11W839302FWTS,,1
663138,3509848,F12W931129BWT6.5CN,6906557246844,,1
667073,3567722,F16W018522FRB3XLCN,F16W018522FRB3XL,,1
663033,3509138,F16M918809FWTLCN,6904527650974,,1
654624,3388024,F11W928186ANVXSCN,6904527638798,,1
663202,3510260,F11W910234FRD3XLCN,6904527586655,,1
647030,3356549,F11W938602FNVXSCN,6944233688373,,1
661439,3477721,F11W948580FDGXLCN,6906557238580,,1
668065,3574116,F61M014847FNVSCN,6918030201622,,1
611759,2706091,F12M812421NVF10.5CN,6904527049617,,1
653152,3353274,F12M932417FBK10.5CN,6950639234229,,1
659413,3450459,K11B842952RDA130CN,6904527663417,,1
633253,3113897,F12W832507FBK_HK6.5CN,HKF12W832507FBK6.5,,1
626232,2978350,F12W832507FBK7.5CN,6904527317839,,1
631773,3089253,K12B833137WTF150CN,6904527336687,,1
611846,2708493,K11G811631NVF140CN,6904527119532,,1
663085,3509605,F16M918117FBU3XLCN,6904527644263,,1
667048,3567561,F51W018196FNVXLCN,6918030098970,,1
661822,3485561,K12B941801FNV140CN,6906557154613,,1
669517,3635385,K12G014923FNV165CN,6918030233425,,1
662917,3508491,F61M911811FNV3XLCN,6904527626764,,1
622086,2907774,K14B812401NVA12CCN,6904527277157,,1
662906,3508422,F61M914611FBKSCN,6904527627389,,1
656324,3398657,F62M931130FBK7CN,6904527858158,,1
599165,2461200,KF172TH06B-BG140CN,6906557833167,,1
669352,3634508,K12B013636FNV165CN,6918030224768,,1
659491,3450815,K12B813111HWT120CN,6950639261171,,1
602547,2507526,KF173RS03B-NV150CN,6906557875235,,1
588476,2230106,KF162RS22G-LP130CN,6906557490810,,1
611955,2709472,K12G812115GNF120CN,6904527130414,,1
620527,2820462,K12G823316LPF140CN,6904527191576,,1
659669,3451755,K12G822354HLP165CN,6950639257679,,1
595021,2374249,KP171BP02U-PKXSCN,6906557766199,,1
589076,2233036,KX162CT04B-NV1YCN,6906557451217,,1
669448,3635020,K12G011918FRD150CN,6918030229275,,1
669508,3635340,K12G013727FWT165CN,6918030232886,,1
620693,2826957,KX172RJ03B2-BU11CCN,6904527280478,,1
615827,2935852,LHJM72371120CN,UHJM7237101NA120,,1
626658,2981036,K15B831305RDF6.5YCN,6904527309421,,1
669584,3635865,K15B011201FWT6.5YCN,6918030007187,,1
601202,2490362,S1715507-39.5CN,6937435113286,,1
616382,3017019,LOCM7007156CN,UOCM7007101ML56,,1
616467,3017043,LPGM70021MCN,UPGM7002101PIM,,1
593798,2341681,N2718001-96.5CN,6930280733227,,1
588451,2229984,KF162RS03B-DB160CN,6906557489357,,1
643424,3226603,S1937705-17CN,6937435168309,,1
588783,2231656,KF163TH04B-NV120CN,6906557587183,,1
588206,2228757,KF161KS04B-RB140CN,6906557428479,,1
657731,3421577,K18B931108FNVXSCN,6950639276748,,1
588655,2231020,KF163KS05B-BU160CN,6906557578532,,1
588557,2230523,KF162TH11G-PC130CN,6906557494658,,1
593736,2339983,KF171TW01B-NV160CN,6906557766083,,1
602472,2506989,KF173JK03B-YE160CN,6906557869258,,1
593561,2339106,KF171JK04B-NV140CN,6906557755551,,1
640412,3197387,T11M921601FBK2XLCN,6904527747827,,1
588650,2230994,KF163KS02B-WT150CN,6906557578211,,1
589034,2232607,KX154RJ03G-RD3YCN,6906557335197,,1
588909,2232143,KP161SK05G-YEMCN,6906557438423,,1
615784,2758221,LHDW78111115CN,UHDW7811101BL115,,1
589070,2232974,KX161RJ06U-WT4YCN,6906557402448,,1
616538,2760883,LEFM62021250CN,UEFM6202101BU250,,1
617724,2764650,LKNA5224170CN,UKNA5224101BR70,,1
616831,2761830,LHTS65111105CN,UHTS6511101KH105,,1
596640,2438036,N2717801-27CN,6930280730295,,1
616396,2760614,LOCW7004162CN,UOCW7004101ML62,,1
596645,2438077,N2718808-27.5CN,6930280731261,,1
643761,3227355,PSK12B842606MGF130CN,PSK12B842606MGF130,,1
621975,2900547,T11M829801FNVSCN,6904527272749,,1
638195,3176331,T11M919407FBKMCN,6904527555378,,1
640375,3197149,T11M921101FWTSCN,6904527745441,,1
645035,3236764,T11U913107FBKSCN,6904527671313,,1
637387,3159073,T11M919207FBK2XLCN,6904527554623,,1
666845,3565701,T71U942601FBK_HKLCN,HKT71U942601FBKL,,1
638030,3175163,T12W841205FBS6.5CN,6904527511800,,1
788743,9630729,T11W041908FWTXLCN,6918030705397,,1
789315,9633505,T11W047210FWTXSCN,6918030708176,,1
789449,9634204,T11W042806FWTSCN,6918030695834,,1
789498,9634479,T11W047205FBK2XLCN,6918030687594,,1
789757,9636056,T11M043906FDB2XLCN,6918030682643,,1
789861,9636675,152045502-14XLCN,6901776087070,,1
789946,9637327,152048309-1MCN,6901776106009,,1
789978,9637570,162048331-13XLCN,6901776127790,,1
790116,9638639,162048728-1MCN,6901776130448,,1
790302,9640183,152041722-4XLCN,6901776077521,,1
790733,9643387,A33046351-123CN,6911713569521,,1
791841,9650511,T12M911303HWT8.5CN,6918030754692,,1
792048,9652154,T11W941922HBKMCN,6918030727115,,1
792549,9655318,F12M031302FFW9CN,6918030619106,,1
792553,9655340,K12G033182FPK140CN,6918030359088,,1
793300,9661632,T12W031116FSV8.5CN,6918030620126,,1