"30075","K18B051201F","7","1"
"30228","K12B055101F","7","1"
"30229","K12B055103F","7","1"
"30230","K12B055201F","7","1"
"30231","K12B055203F","7","1"
"30232","K12B055601F","7","1"
"30233","K12B055602F","7","1"
"30234","K12G055203F","7","1"
"30235","K12G055602F","7","1"
"30303","K55B052885F","7","1"
"30304","K11B051724F","7","1"
"30305","K12G055204F","7","1"
"30306","K12G055101F","7","1"
"30307","K12G055103F","7","1"
"30308","K12G055601F","7","1"
"30332","K12G055202F","7","1"
"30333","K12G055301F","7","1"
"30342","K55G052885F","7","1"
"30343","K12B055603F","7","1"
"30356","K12B055205F","7","1"
"31220","K11G021201F","7","1"
"31991","F12M941140F","7","1"
"32003","F12W941140A","7","1"
"32808","K14G052410F","7","1"
"32809","K15B052432F","7","1"
"32810","K14B052410F","7","1"
"32811","K14B031128F","7","1"
"34780","K15G052432F","7","1"
"35067","K11G023688F","7","1"
"35073","A11M031113F","7","1"
"35087","F11M038114F","7","1"
"35088","F11M038117F","7","1"
"35089","F11M038718F","7","1"
"35103","F11W038304F","7","1"
"35104","F11W038704F","7","1"
"38197","A11M031601F","7","1"
"38198","A11M031606F","7","1"
"38203","A11W031109F","7","1"
"38204","A11W031182F","7","1"
"38205","A11W031361F","7","1"
"38206","A11W031604F","7","1"
"38215","F11M038110F","7","1"
"38216","F11M038112F","7","1"
"38217","F11M038142F","7","1"
"38218","F11M038622F","7","1"
"38219","F11M038630F","7","1"
"38220","F11M038803F","7","1"
"38225","F11W038110F","7","1"
"38226","F11W038115F","7","1"
"38227","F11W038117F","7","1"
"38228","F11W038303F","7","1"
"38229","F11W038604F","7","1"
"38230","F11W038605F","7","1"
"38231","F11W038606F","7","1"
"38278","K12G053518F","7","1"
"38408","K12G033336F","7","1"
"38409","K12B033101F","7","1"
"38412","K12B033731F","7","1"
"38415","K12G033302F","7","1"
"38416","K11B033134F","7","1"
"38418","K12G033316F","7","1"
"38419","K11B033141F","7","1"
"38421","K11B033637F","7","1"
"38423","K12G033528F","7","1"
"38424","K12G033607F","7","1"
"38574","F11W031112F","7","1"
"38575","F51W038311F","7","1"
"38585","T11M031104F","7","1"
"38587","T11M031602F","7","1"
"38588","T11M031604F","7","1"
"38589","T11M031701F","7","1"
"38591","T11M031808F","7","1"
"38592","T11W031103F","7","1"
"38598","T51M039150A","7","1"
"38843","K14G031402F","7","1"
"38844","K65B031301F","7","1"
"38846","K14B031110F","7","1"
"38847","K14B032411F","7","1"
"38848","K14B032412F","7","1"
"38849","K14B032601F","7","1"
"38850","K14G031110F","7","1"
"38851","K14G032411F","7","1"
"38852","K14G032412F","7","1"
"38853","K15B032411F","7","1"
"38854","K15G031302F","7","1"
"38855","K15G032411F","7","1"
"38874","A11M031108F","7","1"
"38880","A11W033101F","7","1"
"38883","A11W033151F","7","1"
"38894","F11M031106F","7","1"
"38895","F11M031107F","7","1"
"38896","F11M031802F","7","1"
"38903","F11M038702F","7","1"
"38904","F11M038705F","7","1"
"38905","F11M038801F","7","1"
"38913","F11W031321F","7","1"
"38914","F11W031322F","7","1"
"38915","F11W031507F","7","1"
"38916","F11W031802F","7","1"
"38917","F11W038102F","7","1"
"38919","F11W038105F","7","1"
"38921","F11W038114F","7","1"
"38922","F11W038305F","7","1"
"38924","F11W038366F","7","1"
"38927","F11W038601F","7","1"
"38930","F11W038801F","7","1"
"38931","F12M031104F","7","1"
"38932","F12M031228F","7","1"
"38933","F12M034302F","7","1"
"38934","F12M034322F","7","1"
"38935","F12W031104F","7","1"
"38936","F12W031228F","7","1"
"38937","F12W034120F","7","1"
"38939","F12W034322F","7","1"
"38944","F61M031701A","7","1"
"38954","T11M032108F","7","1"
"38957","T11M033101F","7","1"
"38958","T11M033103F","7","1"
"38960","T11M033401F","7","1"
"38961","T11M033603F","7","1"
"38963","T11M033807F","7","1"
"38964","T11M033808F","7","1"
"38966","T11M035102F","7","1"
"38967","T11M035103F","7","1"
"38974","T11W031311F","7","1"
"38976","T11W032108F","7","1"
"38977","T11W032211F","7","1"
"38978","T11W032502F","7","1"
"38979","T11W032601F","7","1"
"38980","T11W032603F","7","1"
"38981","T11W032801F","7","1"
"38983","T11W033308F","7","1"
"38984","T11W033604F","7","1"
"38986","T11W033805F","7","1"
"38987","T11W033806F","7","1"
"38991","T12M031201F","7","1"
"38992","T12W031101F","7","1"
"38994","T12W031201F","7","1"
"38996","K15B032401F","7","1"
"38997","K15G032401F","7","1"
"39006","T12W031105F","7","1"
"39247","T51M039150C","7","1"
"39343","K19B031152F","7","1"
"39344","K18B032201F","7","1"
"39356","K11B032103F","7","1"
"39357","K11B032123F","7","1"
"39364","K11G032312F","7","1"
"39367","K17B031129F","7","1"
"39368","K17B032101F","7","1"
"39369","K17B032302F","7","1"
"39370","K17B032304F","7","1"
"39405","K17B031237F","7","1"
"39416","K19B034110F","7","1"
"39426","K58B031312F","7","1"
"39427","K58G031305F","7","1"
"39428","K58G031312F","7","1"
"39429","K58B031311F","7","1"
"39434","A11M031341F","7","1"
"39436","A11M033109F","7","1"
"39437","A11M035161F","7","1"
"39440","A11W031702F","7","1"
"39442","A11W032701F","7","1"
"39452","F11M031104F","7","1"
"39453","F11M031601F","7","1"
"39455","F11M038103F","7","1"
"39456","F11M038105F","7","1"
"39457","F11M038120F","7","1"
"39458","F11M038602F","7","1"
"39467","F11W031120F","7","1"
"39470","F11W036309F","7","1"
"39472","F11W038124F","7","1"
"39475","F11W038209F","7","1"
"39477","F11W038617F","7","1"
"39486","F61M038219A","7","1"
"39487","F61M038603A","7","1"
"39488","F61U038220A","7","1"
"39497","T11M032702F","7","1"
"39500","T11M032810F","7","1"
"39501","T11M033107F","7","1"
"39502","T11M033602B","7","1"
"39503","T11M036801F","7","1"
"39504","T11M036802F","7","1"
"39505","T11M036803F","7","1"
"39514","T11W033101F","7","1"
"39515","T11W033104F","7","1"
"39516","T11W033106F","7","1"
"39517","T11W033107F","7","1"
"39518","T11W033307F","7","1"
"39520","T11W036702F","7","1"
"39522","T11W036802F","7","1"
"39526","T12W034105F","7","1"
"39539","T13W031302F","7","1"
"39540","T13W031303F","7","1"
"39541","T13W031306F","7","1"
"40082","K15B031103F","7","1"
"40084","K15B032409F","7","1"
"40085","K14B031101F","7","1"
"40086","K14B031103F","7","1"
"40088","K15G031103F","7","1"
"40090","K15G032409F","7","1"
"40093","K14G032401F","7","1"
"40153","F11M038102F","7","1"
"40154","F12W031110F","7","1"
"40155","F12M031110F","7","1"
"40172","F51U048101F","7","1"
"40183","K17B031156F","7","1"
"40186","K65B031103F","7","1"
"40187","K54B031185F","7","1"
"40188","K54G031185F","7","1"
"40189","K12G031119F","7","1"
"40191","K12G031301F","7","1"
"40192","K12G031309F","7","1"
"40193","K12G031315F","7","1"
"40194","K12G031338F","7","1"
"40195","K12G031347F","7","1"
"40196","K12G031612F","7","1"
"40199","K17B031214F","7","1"
"40200","K11B031145F","7","1"
"40206","K11G031107F","7","1"
"40208","K11G031113F","7","1"
"40209","K11G031303F","7","1"
"40210","K11G031308F","7","1"
"40212","K12B031114F","7","1"
"40214","K12B031157F","7","1"
"40217","K12B031628F","7","1"
"40218","K12B031629F","7","1"
"40219","K12B031734F","7","1"
"40221","K11B031106F","7","1"
"40225","A11M033155F","7","1"
"40229","A11W031181F","7","1"
"40230","A11W031183F","7","1"
"40231","A11W031188F","7","1"
"40236","A11W033302F","7","1"
"40237","A11W033322F","7","1"
"40240","F11M031603F","7","1"
"40241","F11M031801F","7","1"
"40243","F11M036108F","7","1"
"40245","F11M038125F","7","1"
"40246","F11M038606F","7","1"
"40248","F11M038810F","7","1"
"40249","F11W031330F","7","1"
"40250","F11W031406F","7","1"
"40253","F11W036311F","7","1"
"40255","F11W038134F","7","1"
"40256","F11W038138F","7","1"
"40259","F11W038204F","7","1"
"40260","F11W038332F","7","1"
"40261","F11W038368F","7","1"
"40263","F12M031127F","7","1"
"40264","F12M031335F","7","1"
"40265","F12W031335F","7","1"
"40266","F12W034129F","7","1"
"40267","F51M038605A","7","1"
"40271","F61M038616A","7","1"
"40278","F61W038621A","7","1"
"40280","T11M032111F","7","1"
"40281","T11M032609F","7","1"
"40285","T11M035601F","7","1"
"40286","T11M036602F","7","1"
"40287","T11W032201F","7","1"
"40290","T12M034402F","7","1"
"40291","T12W034402F","7","1"
"40292","F11M038607F","7","1"
"40293","F11M038805F","7","1"
"40294","F12M021117F","7","1"
"40295","F12M034123F","7","1"
"40296","F51W031610A","7","1"
"40324","K12G033346F","7","1"
"40329","K19B031116F","7","1"
"40330","K18B031150F","7","1"
"40331","K18B031209F","7","1"
"40332","K19B031106F","7","1"
"40335","K11B031132F","7","1"
"40336","K11B031528F","7","1"
"40337","K11B031703F","7","1"
"40338","K12B031116F","7","1"
"40340","K12G031708F","7","1"
"40342","K11G031704F","7","1"
"40348","K55B031182F","7","1"
"40349","K64B031102F","7","1"
"40350","K65B031102F","7","1"
"40351","K54B031182F","7","1"
"40353","K65G031102F","7","1"
"40515","A11M031107F","7","1"
"40517","A11W031202F","7","1"
"40525","A11W035201F","7","1"
"40526","A11W035303F","7","1"
"40527","A11W035304F","7","1"
"40528","A11W035322F","7","1"
"40529","A11W035323F","7","1"
"40530","A13U031103F","7","1"
"40532","F11M031604F","7","1"
"40535","F11M032702F","7","1"
"40536","F11M032706F","7","1"
"40542","F11M038118F","7","1"
"40543","F11M038144F","7","1"
"40544","F11M038146F","7","1"
"40545","F11M038715F","7","1"
"40546","F11M038823F","7","1"
"40551","F11W031305F","7","1"
"40553","F11W031610F","7","1"
"40554","F11W032310F","7","1"
"40557","F11W036603F","7","1"
"40558","F11W036703F","7","1"
"40560","F11W038144F","7","1"
"40561","F11W038210F","7","1"
"40564","F11W038530F","7","1"
"40565","F11W038533F","7","1"
"40566","F11W038614F","7","1"
"40567","F11W038628F","7","1"
"40568","F11W038707F","7","1"
"40569","F11W038728F","7","1"
"40570","F11W038730F","7","1"
"40572","F11W038812F","7","1"
"40573","F12M031218F","7","1"
"40574","F12M034124F","7","1"
"40575","F12M034412F","7","1"
"40576","F12M034423F","7","1"
"40577","F12W031127F","7","1"
"40578","F12W031218F","7","1"
"40579","F12W034124F","7","1"
"40580","F12W034213F","7","1"
"40584","F13U038201F","7","1"
"40586","F51M038508A","7","1"
"40587","F51W038503F","7","1"
"40588","F51W038707F","7","1"
"40591","F61M038209A","7","1"
"40592","F71W038301F","7","1"
"40593","T11M031402F","7","1"
"40594","T11M031606F","7","1"
"40595","T11M031804F","7","1"
"40597","T11M032202F","7","1"
"40598","T11M033202F","7","1"
"40599","T11M033601F","7","1"
"40601","T11W031107F","7","1"
"40604","T11W032109F","7","1"
"40605","T11W032110F","7","1"
"40606","T11W032203F","7","1"
"40607","T11W032204F","7","1"
"40608","T11W032205F","7","1"
"40609","T11W032304F","7","1"
"40610","T11W032605F","7","1"
"40611","T11W032807F","7","1"
"40612","T11W033302F","7","1"
"40613","T11W033803F","7","1"
"40614","T11W035103F","7","1"
"40616","T12W031106F","7","1"
"40750","K18B031117F","7","1"
"40752","K18B051102F","7","1"
"40760","K55B031111F","7","1"
"40761","K55G031111F","7","1"
"40765","K65G031103F","7","1"
"40766","K55B032481F","7","1"
"40767","K55G032481F","7","1"
"40768","K65G031101F","7","1"
"40999","A11M031602F","7","1"
"41000","A11M031603F","7","1"
"41016","F11M038109F","7","1"
"41018","T12M031101F","7","1"
"41019","F12M031111F","7","1"
"41022","A11M031151F","7","1"
"41023","A11M031152F","7","1"
"41027","A11M031711F","7","1"
"41028","A11M032371F","7","1"
"41029","A11M033605F","7","1"
"41030","A11M035151F","7","1"
"41031","A11M035153F","7","1"
"41032","A11M035601F","7","1"
"41034","A11W031688F","7","1"
"41038","A11W035159F","7","1"
"41039","A12M032212F","7","1"
"41040","A12M032215F","7","1"
"41041","A12W032212F","7","1"
"41042","A12W032215F","7","1"
"41044","F11M031705F","7","1"
"41046","F11M032501F","7","1"
"41048","F11M036105F","7","1"
"41049","F11M036112F","7","1"
"41050","F11M036608F","7","1"
"41051","F11M038106F","7","1"
"41052","F11M038121F","7","1"
"41054","F11M038145F","7","1"
"41055","F11M038147F","7","1"
"41056","F11M038148F","7","1"
"41057","F11M038204F","7","1"
"41058","F11M038214F","7","1"
"41059","F11M038501F","7","1"
"41060","F11M038611F","7","1"
"41061","F11M038612F","7","1"
"41062","F11M038806F","7","1"
"41063","F11W031124F","7","1"
"41067","F11W036106F","7","1"
"41068","F11W036110F","7","1"
"41069","F11W036206F","7","1"
"41070","F11W036310F","7","1"
"41075","F11W038139F","7","1"
"41076","F11W038140F","7","1"
"41079","F11W038307F","7","1"
"41080","F11W038322F","7","1"
"41081","F11W038326F","7","1"
"41082","F11W038342F","7","1"
"41083","F11W038506F","7","1"
"41085","F11W038813F","7","1"
"41086","F12M021111A","7","1"
"41088","F12M031105F","7","1"
"41089","F12M031118F","7","1"
"41090","F12M031120F","7","1"
"41091","F12M031133F","7","1"
"41092","F12M031215F","7","1"
"41093","F12M031229F","7","1"
"41094","F12M031303F","7","1"
"41095","F12M031402F","7","1"
"41097","F12W031105F","7","1"
"41098","F12W031111F","7","1"
"41099","F12W031120F","7","1"
"41100","F12W031215F","7","1"
"41101","F12W031229F","7","1"
"41102","F12W031303F","7","1"
"41103","F12W031402F","7","1"
"41104","F12W034123F","7","1"
"41105","F51M038802F","7","1"
"41106","F51M038816F","7","1"
"41107","F51M048106F","7","1"
"41109","F51M048158F","7","1"
"41110","F51M048196F","7","1"
"41115","F62W031112F","7","1"
"41116","F71M038601F","7","1"
"41117","F71W038303F","7","1"
"41119","F71W038701F","7","1"
"41121","T11M031108F","7","1"
"41122","T11M031110F","7","1"
"41123","T11M031116F","7","1"
"41124","T11M031603F","7","1"
"41125","T11M032101F","7","1"
"41126","T11M032104F","7","1"
"41127","T11M032105F","7","1"
"41128","T11M032107F","7","1"
"41129","T11M032113F","7","1"
"41131","T11M032611F","7","1"
"41139","T11U036101F","7","1"
"41140","T11U036103F","7","1"
"41141","T11U036104F","7","1"
"41142","T11U036107F","7","1"
"41143","T11U036108F","7","1"
"41144","T11W031105F","7","1"
"41145","T11W031201F","7","1"
"41146","T11W031310F","7","1"
"41147","T11W031602F","7","1"
"41149","T11W031702F","7","1"
"41151","T11W032209F","7","1"
"41152","T11W032302F","7","1"
"41154","T11W033701F","7","1"
"41155","T11W033802F","7","1"
"41156","T11W035301F","7","1"
"41157","T11W036109F","7","1"
"41159","T11W036301F","7","1"
"41160","T11W036302F","7","1"
"41161","T12M031103F","7","1"
"41162","T12M031106F","7","1"
"41163","T12M031107F","7","1"
"41164","T12M031113F","7","1"
"41165","T12M034304F","7","1"
"41166","T12M034401F","7","1"
"41167","T12W031103F","7","1"
"41168","T12W031107F","7","1"
"41169","T12W031113F","7","1"
"41170","T12W034304F","7","1"
"41171","T12W034401F","7","1"
"41177","F12M034129F","7","1"
"43324","K15B052401F","7","1"
"43346","K14B052601F","7","1"
"43347","K18B051104F","7","1"
"43364","K15B031305F","7","1"
"43365","K15B032405F","7","1"
"43368","K15B034103F","7","1"
"43369","K17B031138F","7","1"
"43372","K55B031180F","7","1"
"43373","K55G031180F","7","1"
"43724","K17B034111F","7","1"
"43726","K17B034143F","7","1"
"43727","K17B034146F","7","1"
"43728","K17B034216F","7","1"
"43729","K14B032402F","7","1"
"43730","K14G032402F","7","1"
"43731","K19B031104F","7","1"
"43732","K14G032410F","7","1"
"43733","K12G034635F","7","1"
"43734","K12G034710F","7","1"
"43736","K12B034137F","7","1"
"43743","K12G034160F","7","1"
"43750","A11W033223F","7","1"
"43751","A11W033702F","7","1"
"43752","A12M032116F","7","1"
"43755","A51M033243F","7","1"
"43757","F11M031113F","7","1"
"43758","F11M031114F","7","1"
"43760","F11M031209F","7","1"
"43762","F11M031211F","7","1"
"43765","F11M032103F","7","1"
"43768","F11M032401F","7","1"
"43771","F11M038123F","7","1"
"43779","F11W031611F","7","1"
"43781","F11W036205F","7","1"
"43782","F11W038240F","7","1"
"43788","F12M031122F","7","1"
"43790","F12W011113B","7","1"
"43791","F12W031118F","7","1"
"43792","F12W031133F","7","1"
"43794","F13W038125F","7","1"
"43795","F13W038208F","7","1"
"43796","F51M038203F","7","1"
"43801","F51W038201F","7","1"
"43805","F71M038102F","7","1"
"43807","F71W038101F","7","1"
"43808","F71W038501F","7","1"
"43809","F71W038603F","7","1"
"43810","T11M031109F","7","1"
"43811","T11M031809F","7","1"
"43819","T11M035204F","7","1"
"43825","T11W031112F","7","1"
"43826","T11W031803F","7","1"
"43827","T11W032102F","7","1"
"43828","T11W032202F","7","1"
"43830","T11W032212F","7","1"
"43831","T11W032506F","7","1"
"43832","T11W032608F","7","1"
"43837","T12M034404F","7","1"
"43838","T12W031116F","7","1"
"43839","T12W034404F","7","1"
"44068","K12G033324F","7","1"
"44071","K55B031381F","7","1"
"44072","K11G034243F","7","1"
"44073","K11G034502F","7","1"
"44074","K11G034612F","7","1"
"44075","K12B033733F","7","1"
"44076","K11B034117F","7","1"
"44078","K11B034211F","7","1"
"44081","K11B034707F","7","1"
"44392","A13M035307F","7","1"
"44393","A13W031109F","7","1"
"44394","A13W033301F","7","1"
"44395","F11M036501F","7","1"
"44396","F11M038227F","7","1"
"44397","F11M038242F","7","1"
"44398","F11M038625F","7","1"
"44399","F11W031208F","7","1"
"44400","F11W031707F","7","1"
"44401","F11W032303F","7","1"
"44402","F11W038158F","7","1"
"44403","F11W038313F","7","1"
"44405","F12M034415F","7","1"
"44406","F12W034415F","7","1"
"44407","F13M031121F","7","1"
"44409","F13M036302F","7","1"
"44410","F13M038103F","7","1"
"44412","F13M038304F","7","1"
"44413","F13M038306F","7","1"
"44414","F13M038316F","7","1"
"44415","F13U036141F","7","1"
"44417","F13U038211F","7","1"
"44418","F13U038217F","7","1"
"44419","F13U038219F","7","1"
"44420","F13U038220F","7","1"
"44421","F13W036301F","7","1"
"44422","F13W038129F","7","1"
"44423","F13W038303F","7","1"
"44424","F13W038320F","7","1"
"44426","F51M038708F","7","1"
"44428","T11M032206F","7","1"
"44429","T11M032502F","7","1"
"44434","T11M035701F","7","1"
"44435","T11W031403F","7","1"
"44436","T11W032107F","7","1"
"44437","T11W032606F","7","1"
"44438","T11W032808F","7","1"
"44439","T11W035204F","7","1"
"44440","T11W035302F","7","1"
"44442","T13M031302F","7","1"
"44443","T13M031303F","7","1"
"44445","T13M031305F","7","1"
"44448","T13M032302F","7","1"
"44451","T13M032307F","7","1"
"44452","T13M033301F","7","1"
"44453","T13M033302F","7","1"
"44454","T13M033303F","7","1"
"44456","T13M033306F","7","1"
"44457","T13M034301F","7","1"
"44459","T13U032105F","7","1"
"44461","T13U032161F","7","1"
"44465","T13U032206F","7","1"
"44467","T13U033141F","7","1"
"44468","T13U033161F","7","1"
"44469","T13U033162F","7","1"
"44470","T13U033171F","7","1"
"44471","T13U033202F","7","1"
"44472","T13U033203F","7","1"
"44473","T13U036141F","7","1"
"44474","T13U036208F","7","1"
"44476","T13W031308F","7","1"
"44477","T13W032301F","7","1"
"44479","T13W032304F","7","1"
"44480","T13W032306F","7","1"
"44481","T13W032308F","7","1"
"44482","T13W033142F","7","1"
"44483","T13W033301F","7","1"
"44484","T13W033302F","7","1"
"44485","T13W033303F","7","1"
"44486","T13W033304F","7","1"
"44487","T13W033305F","7","1"
"44489","K12B033146F","7","1"
"44491","K12B033726F","7","1"
"44492","K12G033148F","7","1"
"44882","K11B034242F","7","1"
"44883","K11G034119F","7","1"
"44885","F71M038115F","7","1"
"44886","F71M038701F","7","1"
"45077","F13U038120F","7","1"
"45078","F13U038170F","7","1"
"45079","F71M038104F","7","1"
"45080","F71M038108F","7","1"
"45081","F71M038540F","7","1"
"45084","F71W038104F","7","1"
"45085","F71W038109F","7","1"
"45086","F71W038304F","7","1"
"45087","F71W038703F","7","1"
"45089","F12W031122F","7","1"
"45091","F71M038801F","7","1"
"45092","F71W038502F","7","1"
"45093","F71W038503F","7","1"
"45128","F71M038503F","7","1"
"45130","F71M038702F","7","1"
"45131","F71W038106F","7","1"
"45132","F71W038108F","7","1"
"45133","F71W038305F","7","1"
"45134","F71W038602F","7","1"
"45135","F71W038604F","7","1"
"45150","K14B031121F","7","1"
"45151","K14G031121F","7","1"
"45161","K15B031105F1","7","1"
"45162","K15B031105F2","7","1"
"45163","K15B031105F3","7","1"
"45164","K15B031121F","7","1"
"45166","K15B032412F","7","1"
"45167","K15G032412F","7","1"
"45168","K62B031201F","7","1"
"45169","K62B031203F","7","1"
"45170","K62B031601F","7","1"
"45171","K64B031104F","7","1"
"45172","K64B031106F","7","1"
"45175","K62G031201F","7","1"
"45177","K62B031202F","7","1"
"45178","K18B031155F","7","1"
"45179","K18B032232F","7","1"
"45183","K18B033219F","7","1"
"45184","K18B033233F","7","1"
"45185","K18B034215F","7","1"
"45186","K54G031381F","7","1"
"45187","K54B031381F","7","1"
"45188","K11G034323F","7","1"
"45189","K11G034527F","7","1"
"45191","K11B034241F","7","1"
"45192","K11B034608F","7","1"
"45193","K11G034236F","7","1"
"45194","K12G034752F","7","1"
"45195","K12B034260F","7","1"
"45197","K12G034262F","7","1"
"45198","K12G034545F","7","1"
"45199","K12B034547F","7","1"
"45201","K12G034350F","7","1"
"45202","K12G034263F","7","1"
"45203","K12G034257F","7","1"
"45204","K12B034826F","7","1"
"45205","K12B034647F","7","1"
"45209","A11M031606A","7","1"
"45210","A11M031701F","7","1"
"45211","A11M032701F","7","1"
"45212","A11M033107F","7","1"
"45213","A11M033108F","7","1"
"45214","A11M033223F","7","1"
"45215","A11M033242F","7","1"
"45216","A11M033341F","7","1"
"45217","A11M033701F","7","1"
"45218","A11M035160F","7","1"
"45219","A11M035803F","7","1"
"45221","A11W031221F","7","1"
"45222","A11W031503F","7","1"
"45223","A11W031604A","7","1"
"45225","A11W033105F","7","1"
"45226","A11W033183F","7","1"
"45228","A11W033324F","7","1"
"45229","A11W033602F","7","1"
"45230","A11W035156F","7","1"
"45231","A12M032401F","7","1"
"45232","A12W032116F","7","1"
"45233","A12W032401F","7","1"
"45236","F11M031203F","7","1"
"45237","F11M036203F","7","1"
"45238","F11M036602F","7","1"
"45239","F11M036604F","7","1"
"45240","F11M038138F","7","1"
"45241","F11M038152F","7","1"
"45242","F11M038160F","7","1"
"45243","F11M038226F","7","1"
"45244","F11M038239F","7","1"
"45245","F11M038502F","7","1"
"45246","F11M038520F","7","1"
"45247","F11W031408F","7","1"
"45248","F11W031409F","7","1"
"45249","F11W032306F","7","1"
"45250","F11W036705F","7","1"
"45251","F11W038129F","7","1"
"45252","F11W038314F","7","1"
"45253","F11W038502F","7","1"
"45256","F12W034120A","7","1"
"45257","F12W034214F","7","1"
"45259","F13M032101F","7","1"
"45260","F13M032102F","7","1"
"45261","F13M038321F","7","1"
"45262","F13U036123F","7","1"
"45263","F13U036201F","7","1"
"45264","F13U038225F","7","1"
"45265","F51M038209F","7","1"
"45266","F51M038211F","7","1"
"45268","F61W038215A","7","1"
"45272","T11M032205F","7","1"
"45274","T11M032606F","7","1"
"45275","T11M033203F","7","1"
"45277","T11M033802F","7","1"
"45279","T11M035201F","7","1"
"45280","T11M035203F","7","1"
"45282","T11W033301F","7","1"
"45283","T11W033702F","7","1"
"45284","T11W033708F","7","1"
"45285","T11W035101F","7","1"
"45286","T11W035203F","7","1"
"45287","T11W035501F","7","1"
"45288","T11W035801F","7","1"
"45289","T12M031112F","7","1"
"45290","T13M031301F","7","1"
"45292","T13W031122F","7","1"
"45293","T13W031305F","7","1"
"45479","K12B034259F","7","1"
"45481","K12B034269F","7","1"
"45484","A11M033243F","7","1"
"45485","A11W031186F","7","1"
"45486","A11W031685F","7","1"
"45487","A11W033242F","7","1"
"45488","A11W033801F","7","1"
"45491","A12M032312F","7","1"
"45493","A12W032211F","7","1"
"45494","A12W032312F","7","1"
"45498","F11M038206F","7","1"
"45499","F11M038210F","7","1"
"45500","F11M038710F","7","1"
"45502","F11W036109F","7","1"
"45503","F11W036302F","7","1"
"45504","F11W036303F","7","1"
"45505","F11W036701F","7","1"
"45506","F11W038307A","7","1"
"45507","F11W038709F","7","1"
"45508","F12M034601F","7","1"
"45509","F12W034601F","7","1"
"45511","F13W048104F","7","1"
"45514","F62M031101F","7","1"
"45515","T11M032110F","7","1"
"45516","T11M032213F","7","1"
"45517","T11M032809F","7","1"
"45518","T11M033201F","7","1"
"45519","T11M033704F","7","1"
"45523","T11U038205F","7","1"
"45524","T11W031305F","7","1"
"45525","T11W032213F","7","1"
"45526","T11W032503F","7","1"
"45528","T12M034101F","7","1"
"45529","T12W031112F","7","1"
"45530","T12W034101F","7","1"
"45707","K15B034121F","7","1"
"45708","K11B034228F","7","1"
"45752","T12M031108F","7","1"
"45753","T12W031108F","7","1"
"45754","K11G034232F","7","1"
"45755","K11G034234F","7","1"
"45756","K11B034227F","7","1"
"45768","A11M031341A","7","1"
"45769","A11M033361F","7","1"
"45770","A11M033364F","7","1"
"45771","A11M035361F","7","1"
"45772","A11M035702F","7","1"
"45773","A11M035802F","7","1"
"45774","A11W033222F","7","1"
"45775","A11W033603F","7","1"
"45776","A11W035803F","7","1"
"45777","A13U033107F","7","1"
"45778","A13U033201F","7","1"
"45779","A13U033203F","7","1"
"45780","A13U033204F","7","1"
"45781","A13U033301F","7","1"
"45782","A13U033325F","7","1"
"45783","A13U033327F","7","1"
"45784","A13U033428F","7","1"
"45785","A13U033430F","7","1"
"45786","A51W033201F","7","1"
"45787","A51W033242F","7","1"
"45788","F11M031401F","7","1"
"45789","F11M031605F","7","1"
"45790","F11M031609F","7","1"
"45791","F11M038213F","7","1"
"45792","F11W031402F","7","1"
"45795","F11W038241F","7","1"
"45796","F11W038310F","7","1"
"45797","F11W038608A","7","1"
"45798","F13M038104F","7","1"
"45800","F13M038310F","7","1"
"45801","F13W038105F","7","1"
"45802","F51M031504F","7","1"
"45805","F51M038216F","7","1"
"45806","F51M038619F","7","1"
"45807","F51W038207F","7","1"
"45808","F51W038714F","7","1"
"45811","T11M032207F","7","1"
"45812","T11M032212F","7","1"
"45813","T11M032401F","7","1"
"45814","T11M032605F","7","1"
"45815","T11M033206F","7","1"
"45816","T11M033502F","7","1"
"45817","T11M035101F","7","1"
"45819","T11M035703F","7","1"
"45820","T11U038101F","7","1"
"45821","T11U038201F","7","1"
"45823","T11W033203F","7","1"
"45824","T11W033207F","7","1"
"45825","T11W033501F","7","1"
"45826","T11W035202F","7","1"
"45828","T13M032310F","7","1"
"45829","T13M032311F","7","1"
"45830","T13U032103F","7","1"
"45831","T13U032162F","7","1"
"45832","T13U032203F","7","1"
"45833","T13W032307F","7","1"
"45834","T13W032309F","7","1"
"45835","T51W113201A","7","1"
"45974","K17B034144F","7","1"
"45976","K17B034238F2","7","1"
"45977","K14B031105F","7","1"
"45978","K14G031105F","7","1"
"45979","A11M033501F","7","1"
"46094","K52B031228F","7","1"
"46098","K12G031675F","7","1"
"46102","K15B031109F","7","1"
"46104","K15G031109F","7","1"
"46114","K14G031109F","7","1"
"46116","K12G031548F","7","1"
"46147","K52G032604F","7","1"
"46148","K52G033259F","7","1"
"46149","K62B031204F","7","1"
"46150","K64B031201F","7","1"
"46151","K64G031201F","7","1"
"46153","K11B031298F","7","1"
"46154","K11B031403F","7","1"
"46155","K11B031404F","7","1"
"46156","K12B031205F","7","1"
"46157","K12B031213F","7","1"
"46158","K12B031215F","7","1"
"46160","K12B031264F","7","1"
"46161","K11B031204F","7","1"
"46162","K12B031403F","7","1"
"46163","K12B031404F","7","1"
"46164","K11B031218F","7","1"
"46165","K11B031223F","7","1"
"46166","K11B031244F","7","1"
"46167","K12B031508F","7","1"
"46168","K12B031551F","7","1"
"46172","K11B031623F","7","1"
"46173","K11B031640F","7","1"
"46175","K12B031676F","7","1"
"46176","K11G031246F","7","1"
"46177","K11B031709F","7","1"
"46178","K11B031722F","7","1"
"46179","K11B031724F","7","1"
"46180","K11B031806F","7","1"
"46181","K12B031703F","7","1"
"46182","K12B031711F","7","1"
"46183","K11B031807F","7","1"
"46185","K12B031809F","7","1"
"46186","K11G031319F","7","1"
"46187","K11G031320F","7","1"
"46188","K11G031405F","7","1"
"46191","K11G031615F","7","1"
"46192","K11G031644F","7","1"
"46193","K11G031723F","7","1"
"46195","K12G031234F","7","1"
"46196","K12G031265F","7","1"
"46197","K12G031266F","7","1"
"46198","K12G031401F","7","1"
"46199","K12G031402F","7","1"
"46201","K12B031249F","7","1"
"46205","K12B031680F","7","1"
"46212","A11M031118F","7","1"
"46215","A11M031222F","7","1"
"46216","A11M031243F","7","1"
"46217","A11M031503F","7","1"
"46223","A11M032103F","7","1"
"46228","A11M033151F","7","1"
"46229","A11M033157F","7","1"
"46230","A11M033503F","7","1"
"46241","A11W031244F","7","1"
"46242","A11W031245F","7","1"
"46243","A11W031513F","7","1"
"46245","A11W033245F","7","1"
"46252","F11M031503F","7","1"
"46253","F11M038208F","7","1"
"46256","F11M038507F","7","1"
"46260","F11W031206F","7","1"
"46261","F11W031505F","7","1"
"46263","F11W036301F","7","1"
"46265","F11W038205F","7","1"
"46266","F11W038206F","7","1"
"46267","F11W038501F","7","1"
"46268","F11W038504F","7","1"
"46269","F11W038612F","7","1"
"46272","F11W041205F","7","1"
"46274","F12M041113F","7","1"
"46275","F12M041115F","7","1"
"46277","F12W041113F","7","1"
"46278","F12W041115F","7","1"
"46279","F51M041203F","7","1"
"46283","F51M048250F","7","1"
"46284","F51M048603F","7","1"
"46292","T11M032211F","7","1"
"46294","T11M032807F","7","1"
"46297","T11M035702F","7","1"
"46298","T11M035705F","7","1"
"46301","T11W033703F","7","1"
"46302","T11W035701F","7","1"
"46303","T11W035702F","7","1"
"46304","T11W035802F","7","1"
"46305","T12M031117F","7","1"
"46307","T12M041104F","7","1"
"46308","T12M041202F","7","1"
"46309","T12W041103F","7","1"
"46310","T12W041104F","7","1"
"46311","T51W111201A","7","1"
"46713","T13U032211F","7","1"
"46714","T13U032141F","7","1"
"46716","A11M031363F","7","1"
"46718","A11M033342F","7","1"
"46719","A11M033502F","7","1"
"46720","A11M033801F","7","1"
"46721","A11M035501F","7","1"
"46725","A11W033244F","7","1"
"46726","A11W033342F","7","1"
"46727","A11W035501F","7","1"
"46728","A11W041222F","7","1"
"46729","A11W041604F","7","1"
"46734","A13U033202F","7","1"
"46735","A13U043204F","7","1"
"46737","F11M038211F","7","1"
"46738","F11M038212F","7","1"
"46739","F11M038224F","7","1"
"46740","F11M038517F","7","1"
"46741","F11M038614F","7","1"
"46742","F11M038616F","7","1"
"46743","F11M038624F","7","1"
"46744","F11M038720F","7","1"
"46747","F11M041201F","7","1"
"46748","F11M041206F","7","1"
"46749","F11M041213F","7","1"
"46750","F11M041501F","7","1"
"46751","F11M041502F","7","1"
"46752","F11M041508F","7","1"
"46754","F11M041606F","7","1"
"46756","F11M048201F","7","1"
"46757","F11M048203F","7","1"
"46758","F11M048204F","7","1"
"46759","F11M048209F","7","1"
"46762","F11M048503F","7","1"
"46763","F11M048540F","7","1"
"46766","F11M048624F","7","1"
"46767","F11W038202F","7","1"
"46768","F11W038207F","7","1"
"46770","F11W038613F","7","1"
"46771","F11W038713F","7","1"
"46772","F11W041102F","7","1"
"46774","F11W046101F","7","1"
"46776","F11W048204F","7","1"
"46778","F11W048275F","7","1"
"46780","F11W048602F","7","1"
"46781","F11W048605F","7","1"
"46783","F11W048625F","7","1"
"46784","F11W048630F","7","1"
"46785","F12M031123F","7","1"
"46786","F12M041224F","7","1"
"46787","F12W031123F","7","1"
"46788","F12W041202F","7","1"
"46797","F13W048122F","7","1"
"46798","F13W048201F","7","1"
"46800","F13W048206F","7","1"
"46802","F51M038517F","7","1"
"46806","F51M048218F","7","1"
"46807","F51M048219F","7","1"
"46812","F51M048613F","7","1"
"46814","F51M048699F","7","1"
"46815","F51U044231F","7","1"
"46818","F51W048208F","7","1"
"46828","T11M031102F","7","1"
"46829","T11M031111F","7","1"
"46830","T11M031114F","7","1"
"46831","T11M031802F","7","1"
"46832","T11M032208F","7","1"
"46833","T11M032214F","7","1"
"46834","T11M032215F","7","1"
"46835","T11M032216F","7","1"
"46836","T11M032503F","7","1"
"46837","T11M032608F","7","1"
"46838","T11M041203F","7","1"
"46840","T11M041907F","7","1"
"46841","T11M043203F","7","1"
"46842","T11M043205F","7","1"
"46844","T11W031114F","7","1"
"46845","T11W031304F","7","1"
"46846","T11W031307F","7","1"
"46847","T11W031601F","7","1"
"46848","T11W031807F","7","1"
"46849","T11W031808F","7","1"
"46850","T11W032207F","7","1"
"46851","T11W032210F","7","1"
"46852","T11W032505F","7","1"
"46853","T11W041203F","7","1"
"46854","T11W041215F","7","1"
"46855","T11W041606F","7","1"
"46856","T11W041705F","7","1"
"46857","T11W041806F","7","1"
"46859","T11W043201F","7","1"
"46860","T11W043204F","7","1"
"46861","T12M031118F","7","1"
"46863","T12W031117F","7","1"
"46864","T12W031118F","7","1"
"46868","T13U032102F","7","1"
"46869","T13U032106F","7","1"
"46870","T13U033163F","7","1"
"46871","T13U033205F","7","1"
"46872","T13U033206F","7","1"
"46873","T13U042203F","7","1"
"46876","T13U043201F","7","1"
"46877","T13U043203F","7","1"
"46878","T13U043204F","7","1"
"46879","T13U043207F","7","1"
"46882","T51M111218A","7","1"
"46890","K19B031114F","7","1"
"46892","K12B031216F","7","1"
"46893","K12B031503F","7","1"
"46894","K12B031605F","7","1"
"46895","K12B031750F","7","1"
"46896","K11G031215F","7","1"
"46897","K11G031221F","7","1"
"46898","K11G031313F","7","1"
"46899","K11G031614F","7","1"
"46900","K11G031623F","7","1"
"46901","K12G031231F","7","1"
"46902","K17B031141F","7","1"
"46903","A11M031712F","7","1"
"46904","A11M031224F","7","1"
"47153","A11M031803F","7","1"
"47154","A11M033244F","7","1"
"47155","A11M035752F","7","1"
"47156","A11M041222F","7","1"
"47157","A11M041242F","7","1"
"47158","A11M041601F","7","1"
"47159","A11M041602F","7","1"
"47160","A11M041701F","7","1"
"47165","A11M042941F","7","1"
"47172","A11W041582F","7","1"
"47173","A11W041601F","7","1"
"47174","A11W041603F","7","1"
"47175","A11W041686F","7","1"
"47176","A11W041687F","7","1"
"47180","A11W042941F","7","1"
"47182","A13M045201F","7","1"
"47188","A51M031224F","7","1"
"47189","A51W033245F","7","1"
"47194","F11M031702F","7","1"
"47195","F11M031704F","7","1"
"47196","F11M036605F","7","1"
"47197","F11M038120A","7","1"
"47199","F11M038150F","7","1"
"47200","F11M038221F","7","1"
"47201","F11M038617F","7","1"
"47202","F11M038631F","7","1"
"47203","F11M041603F","7","1"
"47204","F11M046202F","7","1"
"47205","F11M046706F","7","1"
"47206","F11M046709F","7","1"
"47207","F11M046803F","7","1"
"47209","F11M048608F","7","1"
"47210","F11M048705F","7","1"
"47212","F11W032101F","7","1"
"47213","F11W032302F","7","1"
"47214","F11W038124A","7","1"
"47215","F11W038141F","7","1"
"47216","F11W038142F","7","1"
"47217","F11W038203F","7","1"
"47218","F11W038601A","7","1"
"47219","F11W038620F","7","1"
"47220","F11W041201F","7","1"
"47224","F11W048202F","7","1"
"47226","F11W048623F","7","1"
"47227","F12M031217F","7","1"
"47228","F12W031217F","7","1"
"47231","F13U048207F","7","1"
"47232","F13U048212F","7","1"
"47241","F51M048605F","7","1"
"47242","F51M048613A","7","1"
"47247","F51W048642F","7","1"
"47250","F71U048108F","7","1"
"47251","F71U048203F","7","1"
"47252","F71U048204F","7","1"
"47253","F71U048205F","7","1"
"47254","F71U048206F","7","1"
"47255","T11M032504F","7","1"
"47256","T11M032505F","7","1"
"47257","T11M032604F","7","1"
"47258","T11M041806F","7","1"
"47259","T11M042204F","7","1"
"47260","T11M043102F","7","1"
"47261","T11M043501F","7","1"
"47262","T11M043602F","7","1"
"47263","T11M043703F","7","1"
"47264","T11M043705F","7","1"
"47265","T11M043802F","7","1"
"47266","T11M043803F","7","1"
"47267","T11M043807F","7","1"
"47268","T11M043901F","7","1"
"47269","T11M047204F","7","1"
"47270","T11M047706F","7","1"
"47271","T11M047806F","7","1"
"47272","T11M047902F","7","1"
"47277","T11W043101F","7","1"
"47278","T11W043602F","7","1"
"47279","T11W043603F","7","1"
"47280","T11W043801F","7","1"
"47281","T11W043807F","7","1"
"47282","T11W043901F","7","1"
"47283","T11W047702F","7","1"
"47284","T11W047804F","7","1"
"47286","T12W041102F","7","1"
"47287","T12W041111F","7","1"
"47292","T13U032101F","7","1"
"47294","T13U041203F","7","1"
"47295","T13U041205F","7","1"
"47296","T13W031103F","7","1"
"51324","F12W034129A","7","1"
"51325","F12M034129A","7","1"
"51466","A13U033701F","7","1"
"51759","K58G041305F","7","1"
"51760","K58B042303F","7","1"
"51761","K58B041312F","7","1"
"51762","K18G042311F","7","1"
"51763","K18B043207F","7","1"
"51764","K18B042304F","7","1"
"51765","K18B042224F","7","1"
"51768","K18B041202F","7","1"
"51769","K18B041201F","7","1"
"51770","K18B034320F","7","1"
"51771","K18B034234F","7","1"
"51773","K17G042314F","7","1"
"51774","K17B042315F","7","1"
"51775","K17B042217F","7","1"
"51776","K17B041215F","7","1"
"51777","K15G031105F","7","1"
"51779","K12G041604F","7","1"
"51780","K12G041280F","7","1"
"51781","K12G041254F","7","1"
"51782","K12G033664F","7","1"
"51783","K12G033663F","7","1"
"51784","K12G033543F","7","1"
"51785","K12G033267F","7","1"
"51786","K12G033266F","7","1"
"51787","K12G033255F","7","1"
"51788","K12G033254F","7","1"
"51789","K12B041903F","7","1"
"51790","K12B041801F","7","1"
"51791","K12B041632F","7","1"
"51792","K12B041277F","7","1"
"51793","K12B041259F","7","1"
"51794","K12B033672F","7","1"
"51795","K12B033669F","7","1"
"51796","K12B033548F","7","1"
"51797","K12B033542F","7","1"
"51798","K12B033263F","7","1"
"51799","K12B033259F","7","1"
"51800","K12B033258F","7","1"
"51801","K12B033252F","7","1"
"51802","K11G041603F","7","1"
"51803","K11B041986F","7","1"
"51804","K11B041901F","7","1"
"51805","K11B041801F","7","1"
"51806","K11B041702F","7","1"
"51807","K11B041636F","7","1"
"51808","K11B041501F","7","1"
"51809","K11B041275F","7","1"
"51810","K11B041250F","7","1"
"51811","K11B041248F","7","1"
"51812","K11B041201F","7","1"
"51813","A11M033222F","7","1"
"51814","A11M033603F","7","1"
"51815","A11M033702F","7","1"
"51816","A11M041103F","7","1"
"51817","A11M045401F","7","1"
"51818","A11W033243F","7","1"
"51819","A11W033325F","7","1"
"51820","A11W033604F","7","1"
"51821","A11W041202F","7","1"
"51823","A11W045301F","7","1"
"51825","A12M042210F","7","1"
"51826","A12W042112F","7","1"
"51828","A13U042102F","7","1"
"51829","A51M033222F","7","1"
"51830","A51M033702F","7","1"
"51831","F11M038628F","7","1"
"51832","F11M041202F","7","1"
"51838","F11M048207F","7","1"
"51839","F11M048222F","7","1"
"51841","F11M048607F","7","1"
"51842","F11M048633F","7","1"
"51843","F11M048703F","7","1"
"51844","F11M048801F","7","1"
"51845","F11M048909F","7","1"
"51846","F11M048912F","7","1"
"51848","F11W038233F","7","1"
"51849","F11W041204F","7","1"
"51850","F11W048260F","7","1"
"51851","F11W048508F","7","1"
"51855","F11W048906F","7","1"
"51856","F11W048919F","7","1"
"51858","F12M031302F","7","1"
"51859","F12W031302F","7","1"
"51863","F12W044122F","7","1"
"51864","F13M041103F","7","1"
"51866","F13M046161F","7","1"
"51869","F13M048104F","7","1"
"51873","F13M048301F","7","1"
"51879","F13W046202F","7","1"
"51880","F13W048121F","7","1"
"51881","F13W048301F","7","1"
"51887","F16M048914F","7","1"
"51890","F51W038239F","7","1"
"51891","F51W048940F","7","1"
"51892","F61M048208F","7","1"
"51899","T11M041604F","7","1"
"51901","T11M044209F","7","1"
"51902","T11M047102F","7","1"
"51903","T11M047203F","7","1"
"51904","T11M047705F","7","1"
"51905","T11M047901F","7","1"
"51907","T11W041701F","7","1"
"51909","T11W042217F","7","1"
"51911","T11W047102F","7","1"
"51912","T11W047207F","7","1"
"51913","T12M031205F","7","1"
"51914","T12W031205F","7","1"
"51917","T13M041306F","7","1"
"51925","T13U041202F","7","1"
"51926","T13U041204F","7","1"
"51930","T13W041301F","7","1"
"51931","T13W041302F","7","1"
"51932","T13W042302F","7","1"
"51933","T13W043202F","7","1"
"51934","T13W043301F","7","1"
"51935","T13W043303F","7","1"
"51936","T13W043304F","7","1"
"51937","T13W043305F","7","1"
"51938","T13W043308F","7","1"
"51939","T13W043309F","7","1"
"51940","T51W111914A","7","1"
"51941","K12G041905F","7","1"
"51942","K12G041229F","7","1"
"51943","K12G041603F","7","1"
"51944","K12B041901F","7","1"
"51945","K12B041203F","7","1"
"51946","K12B041602F","7","1"
"51947","K11G041703F","7","1"
"51948","K11G041205F","7","1"
"51949","K11G041640F","7","1"
"51950","K15G041101F","7","1"
"51951","K15B041101F","7","1"
"51952","K14G041101F","7","1"
"51953","K14B041101F","7","1"
"52147","T11U038203F","7","1"
"52148","T12M041111F","7","1"
"52149","T12W044101F","7","1"
"52330","K11B034646F","7","1"
"52331","K11B034720F","7","1"
"52432","K11G034706F","7","1"
"52433","K11G034645F","7","1"
"52434","K11G034636F","7","1"
"52435","K11G034529F","7","1"
"52436","K11G034306F","7","1"
"52437","K11G034237F","7","1"
"52438","K11B034888F","7","1"
"52439","K11B034526F","7","1"
"52440","K11B034524F","7","1"
"52441","K11B034249F","7","1"
"52442","K11B034240F","7","1"
"52443","K15B041301F","7","1"
"52444","K12G041310F","7","1"
"52445","K12G041279F","7","1"
"52446","K12G041206F","7","1"
"52447","K12B041511F","7","1"
"52464","T11W032607F","7","1"
"52466","K58G042605F","7","1"
"52467","K58B042606F","7","1"
"52468","K55B041380F","7","1"
"52469","K15G042509F","7","1"
"52470","K15G042402F","7","1"
"52471","K15B042402F","7","1"
"52472","K15B042401F","7","1"
"52473","K14G041103F","7","1"
"52474","K14B041103F","7","1"
"52475","K11G041904F","7","1"
"52476","K11G041903F","7","1"
"52477","K11G041602F","7","1"
"52478","K11G041502F","7","1"
"52479","K11G041314F","7","1"
"52480","K11G041206F","7","1"
"52481","K11B041984F","7","1"
"52482","K11B041957F","7","1"
"52649","T52W011105A","7","1"
"52687","A11M041221F","7","1"
"52688","A11M041502F","7","1"
"52693","A11M043502F","7","1"
"52696","A11M043601F","7","1"
"52697","A11M045221F","7","1"
"52698","A11M045501F","7","1"
"52699","A11M045504F","7","1"
"52704","A11W041242F","7","1"
"52706","A11W041503F","7","1"
"52708","A11W045202F","7","1"
"52710","A11W045321F","7","1"
"52711","A11W045401F","7","1"
"52712","A11W045501F","7","1"
"52713","A11W045504F","7","1"
"52714","A11W045505F","7","1"
"52715","A11W045801F","7","1"
"52718","A13U043327F","7","1"
"52720","F11M041203F","7","1"
"52722","F11M041903F","7","1"
"52724","F11M041908F","7","1"
"52729","F11M042702F","7","1"
"52733","F11M048208F","7","1"
"52741","F11W041301F","7","1"
"52742","F11W041305F","7","1"
"52743","F11W041408F","7","1"
"52744","F11W041502F","7","1"
"52746","F11W041601F","7","1"
"52749","F11W041702F","7","1"
"52750","F11W041802F","7","1"
"52751","F11W041901F","7","1"
"52753","F11W041907F","7","1"
"52755","F11W046305F","7","1"
"52756","F11W046307F","7","1"
"52758","F11W046501F","7","1"
"52759","F11W046603F","7","1"
"52760","F11W046702F","7","1"
"52761","F11W046704F","7","1"
"52767","F11W048212F","7","1"
"52768","F11W048262F","7","1"
"52769","F11W048274F","7","1"
"52770","F11W048303F","7","1"
"52771","F11W048307F","7","1"
"52772","F11W048960F","7","1"
"52774","F12M041110F","7","1"
"52775","F12M041135F","7","1"
"52776","F12M041201F","7","1"
"52777","F12M041202F","7","1"
"52778","F12M041209F","7","1"
"52779","F12M041233F","7","1"
"52783","F12W041135F","7","1"
"52786","F12W041233F","7","1"
"52790","F13U048213F","7","1"
"52791","F13W041103F","7","1"
"52792","F13W041122F","7","1"
"52794","F13W048128F","7","1"
"52795","F13W048130F","7","1"
"52797","F16M048918F","7","1"
"52798","F51W048201F","7","1"
"52799","F61M048607F","7","1"
"52800","F61M048610F","7","1"
"52801","T11M041215F","7","1"
"52802","T11M041216F","7","1"
"52803","T11M041802F","7","1"
"52805","T11M042215F","7","1"
"52808","T11M042613F","7","1"
"52810","T11M043202F","7","1"
"52818","T11W042604F","7","1"
"52820","T11W043202F","7","1"
"52822","T11W043704F","7","1"
"52824","T11W043706F","7","1"
"52827","T11W047205F","7","1"
"52828","T11W047301F","7","1"
"52830","T11W047601F","7","1"
"52832","T11W047607F","7","1"
"52833","T11W047901F","7","1"
"52835","T12M041204F","7","1"
"52837","T12W041204F","7","1"
"52839","F13M048105F","7","1"
"52840","F13W041124F","7","1"
"52841","T13U032123F","7","1"
"52842","T13U032207F","7","1"
"52843","T13U041121F","7","1"
"52844","T13U043121F","7","1"
"52845","T13U045141F","7","1"
"52846","T52W943707A","7","1"
"52850","A52W042501F","7","1"
"52852","F11W048422F","7","1"
"52963","T11M047601F","7","1"
"52965","T12M044108F1","7","1"
"52967","A11M041911F","7","1"
"52968","A11M042201F","7","1"
"52969","A11M043604F","7","1"
"52970","A11M043606F","7","1"
"52971","A11M045151F","7","1"
"52972","A11M045801F","7","1"
"52973","A11M045901F","7","1"
"52974","A11M045941F","7","1"
"52975","A11M045942F","7","1"
"52976","A11M045951F","7","1"
"52977","A11W041101F","7","1"
"52978","A11W041103F","7","1"
"52979","A11W041181F","7","1"
"52980","A11W041187F","7","1"
"52981","A11W041201F","7","1"
"52982","A11W043501F","7","1"
"52983","A11W043601F","7","1"
"52984","A11W045802F","7","1"
"52985","A11W045901F","7","1"
"52986","A11W045941F","7","1"
"52987","A11W045942F","7","1"
"52988","A12W042210F","7","1"
"52989","A13M041109F","7","1"
"52990","A13M041120F","7","1"
"52991","A13M041241F","7","1"
"52992","A13M041302F","7","1"
"52993","A13M041306F","7","1"
"52994","A13M041307F","7","1"
"52995","A13M041308F","7","1"
"52996","A13M041325F","7","1"
"52997","A13M041328F","7","1"
"52998","A13M041348F","7","1"
"52999","A13M042304F","7","1"
"53000","A13M045335F","7","1"
"53001","A13M045337F","7","1"
"53002","A13M045345F","7","1"
"53003","A13U041104F","7","1"
"53006","A13U041139F","7","1"
"53008","A13U041323F","7","1"
"53011","A13W041117F","7","1"
"53012","A13W041118F","7","1"
"53013","A13W041301F","7","1"
"53014","A13W041306F","7","1"
"53015","A13W041307F","7","1"
"53016","A13W041308F","7","1"
"53017","A13W041309F","7","1"
"53018","A13W041328F","7","1"
"53019","A13W042305F","7","1"
"53020","A13W043309F","7","1"
"53021","A13W045335F","7","1"
"53022","A13W045340F","7","1"
"53023","A13W045345F","7","1"
"53024","A61M044251F","7","1"
"53025","A61M044603F","7","1"
"53026","A61M044611F","7","1"
"53028","A61W044603F","7","1"
"53029","F11M011602A","7","1"
"53030","F11M038618F","7","1"
"53031","F11M041208F","7","1"
"53032","F11M042602F","7","1"
"53036","F11M046201F","7","1"
"53041","F11M046601F","7","1"
"53042","F11M046606F","7","1"
"53043","F11M048105F","7","1"
"53044","F11M048210F","7","1"
"53045","F11M048212F","7","1"
"53046","F11M048219F","7","1"
"53048","F11M048506F","7","1"
"53049","F11M048507F","7","1"
"53050","F11M048508F","7","1"
"53051","F11M048548F","7","1"
"53052","F11M048604F","7","1"
"53053","F11M048613F","7","1"
"53054","F11M048803F","7","1"
"53055","F11M048901F","7","1"
"53056","F11M048902F","7","1"
"53057","F11M048908F","7","1"
"53058","F11M048919F","7","1"
"53059","F11M048921F","7","1"
"53060","F11M048923F","7","1"
"53061","F11M048941F","7","1"
"53062","F11M048946F","7","1"
"53063","F11W041404F","7","1"
"53064","F11W046201F","7","1"
"53065","F11W046202F","7","1"
"53067","F11W046604F","7","1"
"53068","F11W046708F","7","1"
"53069","F11W048213F","7","1"
"53070","F11W048214F","7","1"
"53071","F11W048225F","7","1"
"53075","F11W048273F","7","1"
"53077","F11W048505F","7","1"
"53078","F11W048509F","7","1"
"53079","F11W048805F","7","1"
"53080","F12M041112F","7","1"
"53081","F12M041117F","7","1"
"53083","F12M041129F","7","1"
"53084","F12M044118F","7","1"
"53087","F12W041209F","7","1"
"53088","F12W044118F","7","1"
"53089","F13M042101F","7","1"
"53090","F13M048108F","7","1"
"53091","F13M048129F","7","1"
"53092","F13M048163F","7","1"
"53093","F13M048204F","7","1"
"53094","F13M048206F","7","1"
"53095","F13U048299F","7","1"
"53096","F13W046121F","7","1"
"53097","F16M041115F","7","1"
"53098","F16M048690F","7","1"
"53099","F16W041115F","7","1"
"53100","F51M048206F","7","1"
"53102","F51M048626F","7","1"
"53107","F51W048315F","7","1"
"53109","F61M048206F","7","1"
"53111","F61M048503F","7","1"
"53112","F61M048507F","7","1"
"53113","F61M048521F","7","1"
"53114","F61M048602F","7","1"
"53115","F61M048614F","7","1"
"53116","F61W048255F","7","1"
"53121","T11M041101F","7","1"
"53122","T11M041201F","7","1"
"53123","T11M041501F","7","1"
"53124","T11M041704F","7","1"
"53125","T11M042910F","7","1"
"53126","T11M042911F","7","1"
"53127","T11M043101F","7","1"
"53128","T11M043204F","7","1"
"53129","T11M044201F","7","1"
"53130","T11M044205F","7","1"
"53131","T11M044206F","7","1"
"53132","T11M044501F","7","1"
"53133","T11M044601F","7","1"
"53134","T11M044602F","7","1"
"53135","T11M047202F","7","1"
"53136","T11M047606F","7","1"
"53138","T11U042701F","7","1"
"53139","T11W041101F","7","1"
"53140","T11W041205F","7","1"
"53141","T11W041301F","7","1"
"53142","T11W041804F","7","1"
"53143","T11W042911F","7","1"
"53144","T11W047204F","7","1"
"53145","T12M041102F","7","1"
"53146","T12M041109F","7","1"
"53147","T12M044102F","7","1"
"53149","T12W041110F","7","1"
"53150","T12W044102F","7","1"
"53152","T13M042303F","7","1"
"53153","T13M042303G","7","1"
"53154","T13M042304F","7","1"
"53155","T13M043302F","7","1"
"53156","T13M043306F","7","1"
"53157","T13M043306G","7","1"
"53158","T13M043310F","7","1"
"53159","T13M043311F","7","1"
"53160","T13U043102F","7","1"
"53161","T13U043123F","7","1"
"53162","T13U043162F","7","1"
"53163","T13U043218F","7","1"
"53164","T13U043222F","7","1"
"53165","T13U044162F","7","1"
"53166","T13U044201F","7","1"
"53167","T13W042303F","7","1"
"53168","T13W042304F","7","1"
"53169","T13W042304G","7","1"
"53170","T13W043302F","7","1"
"53171","T13W043306F","7","1"
"53172","T13W043306G","7","1"
"53173","T13W043311F","7","1"
"53174","T51U113205A","7","1"
"53175","T51U113206A","7","1"
"53176","F13M048103F","7","1"
"53183","F11W048301F","7","1"
"53254","K11B042207F","7","1"
"53255","K11B042503F","7","1"
"53256","K11B042605F","7","1"
"53257","K11G042711F","7","1"
"53258","K12B042208F","7","1"
"53259","K12B042606F","7","1"
"53260","K12B042913F","7","1"
"53261","K12G042915F","7","1"
"53262","K12G042608F","7","1"
"53263","K12G042257F","7","1"
"53264","K12G043508F","7","1"
"53266","K12B043703F","7","1"
"53267","K12G043904F","7","1"
"53268","K12G043232F","7","1"
"53269","K12G043234F","7","1"
"53270","K12G043603F","7","1"
"53271","K12B043606F","7","1"
"53272","K12B043210F","7","1"
"53273","K12G043607F","7","1"
"53274","K12B043615F","7","1"
"53275","K12B043237F","7","1"
"53604","T11M047205F","7","1"
"53610","K17B042216F","7","1"
"53611","K12G043621F","7","1"
"53612","K12G043237F","7","1"
"53613","K12G042635F","7","1"
"53614","K12G042631F","7","1"
"53615","K12G041907F","7","1"
"53616","K12B043810F","7","1"
"53617","K12B043620F","7","1"
"53618","K12B042706F","7","1"
"53619","K12B042281F","7","1"
"53620","K12B042278F","7","1"
"53621","K11G042607F","7","1"
"53622","K11G042287F","7","1"
"53623","K11G042259F","7","1"
"53624","K11G042209F","7","1"
"53625","K11B044614F","7","1"
"53626","K11B044403F","7","1"
"53627","K11B042710F","7","1"
"53628","K11B042643F","7","1"
"53629","K11B042641F","7","1"
"53630","K11B042257F","7","1"
"53631","K63B032201F","7","1"
"53632","K18B034232F","7","1"
"53633","K18B033312F","7","1"
"53634","K17B011318F","7","1"
"53635","K17G011312F","7","1"
"53636","K18B012321F","7","1"
"53637","K18G011319F","7","1"
"53638","K68B032301F","7","1"
"53639","K17B053502F","7","1"
"53640","K18B053501F","7","1"
"53641","K18B053902F","7","1"
"53642","K18B053903F","7","1"
"53643","K18B053905F","7","1"
"53645","K65G041381F","7","1"
"53646","K65B041381F","7","1"
"53647","K65B041280F","7","1"
"53648","K64G041381F","7","1"
"53649","K64B041381F","7","1"
"53650","K61G041904F","7","1"
"53651","K55B041183F","7","1"
"53652","K54G041183F","7","1"
"53653","K54B041183F","7","1"
"53654","K51G041945F","7","1"
"53655","K51B041945F","7","1"
"53656","K51B041901F","7","1"
"53657","K19B041101F","7","1"
"53658","K17B041111F","7","1"
"53659","K15B042509F","7","1"
"53660","K12G044645F","7","1"
"53661","K12G044625F","7","1"
"53662","K12G043940F","7","1"
"53663","K12G043704F","7","1"
"53664","K12G042504F","7","1"
"53665","K12G042402F","7","1"
"53666","K12G042212F","7","1"
"53667","K12G042210F","7","1"
"53668","K12G041204F","7","1"
"53669","K12B044627F","7","1"
"53670","K12B044626F","7","1"
"53671","K12B043950F","7","1"
"53672","K12B043501F","7","1"
"53673","K12B042910F","7","1"
"53674","K12B042503F","7","1"
"53675","K12B042207F","7","1"
"53676","K12B041701F","7","1"
"53677","K12B041601F","7","1"
"53678","K12B041202F","7","1"
"53679","K12B033270F","7","1"
"53680","K11G044977F","7","1"
"53681","K11G044313F","7","1"
"53682","K11G044271F","7","1"
"53683","K11G044270F","7","1"
"53684","K11G042908F","7","1"
"53685","K11G042402F","7","1"
"53686","K11G042302F","7","1"
"53687","K11B044974F","7","1"
"53688","K11B044972F","7","1"
"53689","K11B044805F","7","1"
"53690","K11B044289F","7","1"
"53691","K11B044218F","7","1"
"53692","K11B042951F","7","1"
"53693","K11B042907F","7","1"
"53694","K11B042906F","7","1"
"53695","K11B042512F","7","1"
"53696","K11B042401F","7","1"
"53697","K11B042255F","7","1"
"53700","F12M041216F","7","1"
"53701","F12W041216F","7","1"
"53711","K11G044635F","7","1"
"53712","K11G044615F","7","1"
"53879","K11G044983F","7","1"
"53880","K11G044220F","7","1"
"53881","K11G044221F","7","1"
"53889","F51M048811F","7","1"
"53890","F51W048215F","7","1"
"53892","F51M048211F","7","1"
"53893","F51W048205F","7","1"
"53894","F51M048817F","7","1"
"53895","F51M048816F","7","1"
"53896","F51W048508F","7","1"
"53897","F51M044241A","7","1"
"53898","F51W041304F","7","1"
"53899","F11W048116F","7","1"
"53900","F51M048702F","7","1"
"53901","F51W048213F","7","1"
"53902","F51M048216F","7","1"
"53904","T12M034104F","7","1"
"53905","A61M044502F","7","1"
"53906","F61M048625F","7","1"
"53907","F61M048211F","7","1"
"53908","A61M044912F","7","1"
"53909","T11M043708A","7","1"
"53910","F61W048607F","7","1"
"53911","A61M044501F","7","1"
"53912","F61M048212F","7","1"
"53913","F12W041110F","7","1"
"53914","A12M042301F","7","1"
"53915","A12W042301F","7","1"
"53916","F12W041112F","7","1"
"53917","F12M041104F","7","1"
"53918","F12W041117F","7","1"
"53920","F12M041106F","7","1"
"53921","F12W041132F","7","1"
"53923","T51M111719A","7","1"
"53924","A11W043401F","7","1"
"53925","F11W048705F","7","1"
"53926","F11W048607F","7","1"
"53927","F11W048911F","7","1"
"53928","F11W048220F","7","1"
"53929","A11M041613F","7","1"
"53930","F11W046102F","7","1"
"53931","F11W048227F","7","1"
"53932","F11W048618F","7","1"
"53933","F16W048909F","7","1"
"53934","F11M041209F","7","1"
"53935","F16W048907F","7","1"
"53936","F11W048905F","7","1"
"53937","F11W048610F","7","1"
"53938","A11M041603F","7","1"
"53939","F11W048516F","7","1"
"53940","F16W048302F","7","1"
"53941","F11W048949F","7","1"
"53942","A11M041952F","7","1"
"53943","F16M048907F","7","1"
"53944","F16M048801F","7","1"
"53945","A11W043244F","7","1"
"53946","F11M041507F","7","1"
"53947","F11W048909F","7","1"
"53948","A11W043602F","7","1"
"53949","A11W041919F","7","1"
"53950","A11W041942F","7","1"
"53951","F11M046503F","7","1"
"53952","F11M046604F","7","1"
"53953","F11M046208F","7","1"
"53954","A11W040951F","7","1"
"53955","A11M043221F","7","1"
"53956","A11M045201F","7","1"
"53957","F11M041404F","7","1"
"53958","F11M048631F","7","1"
"53959","F11M048706F","7","1"
"53960","F11M048108F","7","1"
"53961","F11M048609F","7","1"
"53962","F11M048223F","7","1"
"53963","F11W048415F","7","1"
"53964","F11W048616F","7","1"
"53965","A11M041919F","7","1"
"53966","F11W048928F","7","1"
"53967","F11M048216F","7","1"
"53968","A11W041683F","7","1"
"53969","F11M048509F","7","1"
"53970","F11W048927F","7","1"
"53971","A11M041247F","7","1"
"53972","T13U043101F","7","1"
"53973","T11M043701F","7","1"
"53974","T11M042802F","7","1"
"53975","T11M042222F","7","1"
"53976","T11W042205F","7","1"
"53977","T11M041908F","7","1"
"53978","T11M042801F","7","1"
"53979","T11W042214F","7","1"
"53980","T13U043107F","7","1"
"53981","T12W041202F","7","1"
"53982","T11M044906F","7","1"
"53984","T11W042304F","7","1"
"53985","T11W042902F","7","1"
"53986","T13W043107F","7","1"
"53987","T13U044161F","7","1"
"53988","T13U043501F","7","1"
"53989","T11M044901F","7","1"
"53990","T11M042206F","7","1"
"53991","T11M041910F","7","1"
"53992","T12M042302F","7","1"
"53993","T11W042703F","7","1"
"53995","T11M043902F","7","1"
"53996","T11W042212F","7","1"
"53997","T11W043209F","7","1"
"53999","T13U045101F","7","1"
"54000","T13U041161F","7","1"
"54001","T13M041302F","7","1"
"54002","T13U042204F","7","1"
"54003","T11M044702F","7","1"
"54004","T11M047213F","7","1"
"54005","T11W041910F","7","1"
"54006","T11W043701F","7","1"
"54007","T11W042801F","7","1"
"54008","T11W042802F","7","1"
"54009","T11W043902F","7","1"
"54010","T11M041702F","7","1"
"54011","T11W042612F","7","1"
"54012","T12W041109F","7","1"
"54014","T13U045501F","7","1"
"54015","F51M038808F","7","1"
"54016","A11M035201F","7","1"
"54017","F11M038406F","7","1"
"54083","F13W828306F","7","1"
"54084","F13W018313F","7","1"
"54418","K64G041280F","7","1"
"54419","K64B041281F","7","1"
"54420","K64B041280F","7","1"
"54421","K55G042950F","7","1"
"54422","K55G041183F","7","1"
"54423","K55B042950F","7","1"
"54424","K55B042409F","7","1"
"54425","K55B041281F","7","1"
"54426","K54G041185F","7","1"
"54427","K54G041182F","7","1"
"54428","K54B042903F","7","1"
"54429","K54B042480F","7","1"
"54430","K54B042410F","7","1"
"54431","K54B041185F","7","1"
"54432","K54B041182F","7","1"
"54433","K18G042304F","7","1"
"54434","K15G041113F","7","1"
"54435","K15B042405F","7","1"
"54436","K15B041204F","7","1"
"54437","K15B041113F","7","1"
"54438","K14G042501F","7","1"
"54439","K14G041204F","7","1"
"54440","K14G041112F","7","1"
"54441","K14B042501F","7","1"
"54442","K14B041112F","7","1"
"54443","K12G033901F","7","1"
"54444","K12G033756F","7","1"
"54445","K12G033271F","7","1"
"54446","K12B033902F","7","1"
"54447","K12B033261F","7","1"
"54448","K12G043512F","7","1"
"54449","K12G042914F","7","1"
"54450","K12G042514F","7","1"
"54451","K12G042302F","7","1"
"54452","K12G042283F","7","1"
"54453","K12G041512F","7","1"
"54454","K12B043511F","7","1"
"54455","K12B043214F","7","1"
"54456","K12B042909F","7","1"
"54457","K12B042513F","7","1"
"54458","K12B042282F","7","1"
"54459","K12B042209F","7","1"
"54460","K12B041902F","7","1"
"54461","K11G042987F","7","1"
"54462","K11G042515F","7","1"
"54463","K11B042276F","7","1"
"55155","K11G042241F","7","1"
"55347","F11M046206F","7","1"
"55432","A71W033181F","7","1"
"55433","A71W033182F","7","1"
"55434","A71W033301F","7","1"
"55435","A71W033321F","7","1"
"55436","A71W033322F","7","1"
"55437","A71M033101F","7","1"
"55438","A71M033102F","7","1"
"55439","A71M033151F","7","1"
"55440","A71M033361F","7","1"
"55443","T11W042606F","7","1"
"55467","A11M045802F","7","1"
"55475","A12M042211F","7","1"
"55493","F11M048905F","7","1"
"55503","F11W048302F","7","1"
"55510","F12W041129F","7","1"
"55511","F13M042104F","7","1"
"55512","F13M046301F","7","1"
"55515","F13U046125F","7","1"
"55517","F13W038311F","7","1"
"55518","F13W046302F","7","1"
"55527","F51M048906F","7","1"
"55529","F51W048905F","7","1"
"55530","F52W041101F","7","1"
"55548","T11M042609F","7","1"
"55551","T11M042703F","7","1"
"55563","T11W042201F","7","1"
"55570","T12M041203F","7","1"
"55581","T51M113602B","7","1"
"55582","K12B044977F","7","1"
"55584","K12B044250F","7","1"
"55585","K12B044252F","7","1"
"55587","K12G044967F","7","1"
"55588","K12G044241F","7","1"
"55602","K11B044219F","7","1"
"55603","K11B044291F","7","1"
"55606","K14G041202F","7","1"
"55607","K14B041202F","7","1"
"55621","K11B044986F","7","1"
"55623","K11G044976F","7","1"
