session3rd,id_shop
5f4a2c8a50259b3304058d0c874de711,4
fc9f9f5f75789eba00935d2e1482ae5e,4
a5a8de843a2cfff07a1293bb17aac5cc,4
5f676e15716c1d7497adc327997ab2fe,4
c6b135b6d11cc4e334461a22a12e9914,4
db1c7b015b11907ca7a588c9276caeeb,4
0e4b497382a6bdd6c3a8a8f3fd69b180,4
5b12b8ab5f98af71a89f2693a72847a8,4
7a0aff69bade5ffe660d35d481d09b29,4
93d19110d94b2420e65f31d0b42fbd3f,4
a45ac1fce7ed0d08fb66759ccaeec0fd,4
283d317a92deac17fde49b9594a02226,4
2d40960e32f5321cd3f604c23de0e677,4
4193bd22083bfea1765e192f0c8afdc2,4
f0fad9971476087fc37b9564b30997cf,4
b581e2a83301bdca984fa2928f7be0d9,4
f6a655f596545bcf7320c9f5af4fe2a4,4
2fe23dd567bbbe89049293dfac5fc367,4
953d617277fe31a07e55c28ee5f0a9ab,4
bdb76a600ce0e43452eb976551718f3d,4
62315438da50a17e015743d74f5c6d06,4
84b3f6d33930497e95fdb5afc1d42fc5,4
a3cc06a9a5b26654c6bda4fcd1e912a4,4
aa9e039e0c27e244cd114a5ea1fb18da,4
f4861ee6cd007c236f3db10e68e943dc,4
6823690dde10ec7e2c293dbf363261d7,4
a0be313496bd29cb7dc7d828f54bcc2e,4
12c497601dfa07f7b3c54afe7dfbdf98,4
fed730edecd985b85566b6666ca3b435,4
50c4012b83bd8299e17b9f03ab4ef5bc,4
a236172f2d5ca98054ade380fd23e537,4
b512951c57a586d05ffaec17fa537e3a,4
0cb6234d047d8d2be5c6fbf301d662a2,4
3cfd387a04e879f363fe77f861ac51e0,4
6de66ef096116dba625003f7d85014af,4
cd9f1279698a34135a4e7112ab25df6f,4
60b80d4083237887068085a30205672f,4
3ff08ecf6dc6d460e15104c44b6a5db2,4
da9d2fb863b4814399edcdb0923eabcd,4
a31baccb66af31ac93094b5ea6aff637,4
72c1ef61d9ede9cf453564a5724ff230,4
80be0e59259ebf80719c46bfd5925eca,4
e573b093caa87961b9dc06901d02063a,4
130329b9808b0fc9b29ab677c0c3e7cb,4
c5672351fd6d7c5478d1bc7e2014e25a,4
8780979c65aa344fa2cb1c46d169175d,4
9b0c7c0a88d961cf0a817f996c2eb1b8,4
afe5349c2f5ff9e09e0082f5eb98e607,4
63ef5cc41f368c089da1fb3f93e7a98f,4
a05488a2823553476ec7d31c6a4d3d37,4
4894b29f179be0dd93053ea8c88c4ad5,4
e72894379bd0578de2e19e29cef025d7,4
e6869ffe5e94f3b1a4153b7eaf65be1d,4
9c4fac964e883fa2ffb8a30387febc73,4
587e2b24f973e60eb06e9223e3b23239,4
375ce14b59f4bbfe36a6b7fa8e2caf37,4
10464c6f6433f55bf24e9d818547ee8e,4
45ee116fdb3a2a2e2dfc0bbcca9ef04b,4
7909c53e46edbc7da2dde03451070195,4
2b2110b49a71dc175008a203ddebf94f,4
5c2999146f9c5ccfe68d0fe669e61c88,4
c991817356a56984c85d19b3236beced,4
b53f2a9a8ee15cf89fc6965129f54058,4
2ed288e098bb5e00a864ef70018fdfd0,4
d67dd6bcf4b4ededc3b2c6003ac153ca,4
b8c05de183cbef59eb779b7cccd0d389,4
123c8bb2fb2b557986258e310e0253ca,4
d12f04c2074b8664a3a3ded7d948cdae,4
90e40b00a06431493541daa25b3a0e1d,4
3e302ecfd3e12b646e72d60137804b3e,4
6c1e99318b7183df3de19e796ed293f7,4
c118824e08dacac094524f1c8fed2d7f,4
2eb508c2d73e6504b4ac0b86fbfdcb85,4
ac3dbbbf6ce9406c419c754a70089e65,4
93fdefa744c36497746c0c55627ad595,4
d2734d39a51d5404160f4e783c9a6652,4
62f8148f64ce3642b13502ceacd400d7,4
13ba5490fbe31349101fe974a8eaf75a,4
09acc19b07faa8eb7300d41af52dd888,4
c40b65b6429dc36bfbd41a5940d6a8f0,4
0b567ce66a99e5d0f539338c3be9cb5e,4
e77398c5c64c68827a3b0838c5fd8ee7,4
98a389736ce435dc848a2dc5a78c23d8,4
c274d48cad90e81fa18e4ad9abd74afe,4
04f476e78cddcfddb56b25ff03945b0e,4
7adbd52c43706b5da6e13154a8620102,4
bebbe411b0b43240da5a181ebaa79108,4
dfd8d550a425d1d21717a86a8282019d,4
24db7b1197ea706ba6dbad5d200f5b1d,4
180c1eb3e24cf0b0b7067afdbff89a1e,4
6fbdaae39cb8041a208234cb25ed6ebd,4
b594c30c58eb88454a16b666f34779e5,4
3cf5c6edf4215130d1dd099ade3b1aca,4
d6fe42dfe5c8a4c47eadd8e6c42cfeec,4
2dfacfa99a42c861228f4cd8871e2cd6,4
65e50a812a0fa89e221d93fa412a287d,4
83957c1488201b85af1aefbd8a92e75b,4
b135931ebe5763f9e04b54e70a53c3b3,4
c3bfd74fcf24a5103caac344f9b40e64,4
449647d0e728ce72aa6934adbafb4c7b,4
8d9b89becd6b1c717e805200aa92beb4,4
9450ef33f28f3d92bb0804f77f7aa9de,4
bb7d7c8a32c47bb90a388f2f6814d940,4
70bb7870998f33e3b98a0c465bf152a9,4
38b2368ffcdb85f8bd248aee3f3867fe,4
238fe2a2a82d67c39363e78466b97c1c,4
45c53f59d83d86fe64b617ab9484505e,4
e5c0b972ba9e04d5b19f0da5db682cb3,4
ec7e7766a832f9812a47075d7b3c381e,4
ff11f002e95271b14b113d3fba419abe,4
6e5ed109adaf03f72517b06e663788d0,4
f30b57523463bdb5e00de30eaa185906,4
21d2524af1b1773f72f9cec726e98ebd,4
02b99661e6f441656552329c91bed78b,4
9723c34a6ee0388b17a8f2cb44a8d072,4
1838ffd43baf0325585804ab8ece0e46,4
9b1614c215ce8da3148af6d0b98af8be,4
c0da3e015fdd254674f6ad559e489405,4
704e0a8d655bdb47c8528a96c0f35e3f,4
d89221003117a83621e28283e406ef23,4
eef0f0ee608c01d1a659687f5b3b2d93,4
bfcfe38beec3c353ffbd63b9ab328149,4
c54ded7f1b325ff6c067f5d29158f955,4
8e0ad519d8ffef88d977490185c531e7,4
6ff30b137a1f6d697704b950f86b5bdd,4
7f7441b2976c877bd2f5bdc3d9e34765,4
c5440cf3e18b16e53a8140dbfeea0c78,4
6817363243142ff07c04b88206aefe18,4
059857c244efef9b18212f7469286e35,4
495a71d71036d3b206cfcee233405228,4
4e19074def129f32110c78d440fb9262,4
75bac73ada03be8f0fc2dd8b8caa301c,4
5ee7698ca1e525ed75eb5c1ced80d690,4
ac4fb2d6daeb797e241d3fb2cbd6acaa,4
eb6def0e0802ea87945e3ff6429846b5,4
359ad4d03932eb5137d3715804c396a7,4
ca31272dbac197ee243c26cfdc4f53bf,4
293dee7143b3c293c811767ff1d8f3a5,4
f6f26b6bb3b48674c1d3f402a9ae43c7,4
a5b11487aeca6c4f9617047c854832aa,4
5449bf6776db7566624c061b3dc0a000,4
dc5da426bb02cd614ebd99aa503ad1c7,4
05d39198814b9c8d541ff74bbb04796a,4
baa7db227c8f63b4d4b0060735a2dd55,4
270df5682d61f8f27b154e5b9bf7f231,4
fc242185a5340c495b56b398b52caaba,4
08e1c2316c76b765221ca9833ad4924c,4
0a6dce2f7766e49fccc9800c3be8a781,4
fee6ecb4e3c955c4a2ef12610af20c21,4
49117ff2344e54ac0cfa2843edead9de,4
494e055f7d1eec642e33d37a5735c5ec,4
85f6a8b97e359d5fa721ae39fd6bdbb7,4
c9e621df69ae51c77b00656df99288d0,4
1bd713c447805c22026f47ee3e11376c,4
a590ef133259b9d9d5688ee156d055bd,4
7b95cae1d09f95e32849acf3cbfb7f28,4
d55154d77d9ced5bf99339b2d56ce0f8,4
8387160c7ea3ca9ead12d00b18fe461f,4
134d9f6b82b9a2ab9742acbfdd54b092,4
5667c490ceba6868e9800749574e535a,4
2fd4dc01b1a76e7ca583d19f6195380e,4
2ba70d5abbfb6fa263605d9152bb6f89,4
b57d71d49d562ee027d4234b590806e5,4
237f7599db5e6c9bf3149a1cf2891304,4
e8e5300bb77e4b6f95e24a67ee2aa906,4
757cdea4a8a7aee2fdd88ef00cb020c0,4
4a9cab3196a62c0401c5704855cbc816,4
cb0a48df78a9536ddb43f14b152e7954,4
13cbe3bef3f9d1ca0dc5443c10911a26,4
119fbe1123408c7189b7adcc68e710cb,4
ada06aad157eafa6215a3785422653c7,4
5d48bcacef28c7af7b4a834b17be72a5,4
c4a9445f86c27ac0c49ff9145391471d,4
0dd8caeb8b9d82a406c2ca5518a80b03,4
09704acc648cf3b4c41ae3ef18cb7997,4
7cb6b1f3d6147345edc325ef2f22fe5d,4
48427f87d4af0392f3c096e63cb1fa22,4
19ebb182a5e996967407d59085b737fe,4
84d68ca3ad591e66ee42611f54fb731d,4
36231cd1eb1187b71662c329649f6083,4
1ff201ce388faa76a6fcaa5c884a9602,4
83057a994626619197471896770690d4,4
28a2473cc99d726d51edd08ebe08cf03,4
0dff43fe154e03e7bdb42b2adbb4a8b7,4
b2ab7fe7291674499d6694850a23915c,4
f013b12450b8f79966505457268673e8,4
247b333145054bd6a66b324aae2551a3,4
8b99789cc098c1f8adb6de667ce2044e,4
9bb34ee192f1f3923b84689e2a7be3da,4
4e42b453e4fe274fd520fdabde94fcbd,4
3c3c084ee8c0b23dbda857d18b540c4e,4
dd15830515b780a91498c97d95e857ef,4
24ee9ad0da1eeefd0cfff9249619e82f,4
ee0ae6ce6924141a48b88e62d6d07874,4
554e970646ff4afe7b90bb649691109e,4
872c06fddfaf948a40718a26c2f8baa3,4
1b5fbe1024eedc7078c2ce8cfe7135f4,4
421c2b674543cfa66a77da2323930ce2,4
68c43d3e3cc4e4dc28bc59b340de0251,4
a3cbe17c94ed7b9b72e1c478203f2ee9,4
e39fcbc0f458d9648fc8a27f7b27f618,4
c1afcdc75d8ff649d6c5844aa0747ff1,4
34935dc9ab7720ec0f9f62f23ed839df,4
b0a7d0cd6e99a29bbfd33063a5ce4b0d,4
6b481341aa36404feacd0da76e9b108a,4
2761165f9c43e67cb983cfed92866691,4
08e5ad849912138ddb4fb6081641a62c,4
bd233cc641e74eb9ca9717bc2eadd8d9,4
c901b1608282a576332aae83c37792f7,4
0092c0aa319d114f37d7e5d6e98f6210,4
13c2b515b8b6b12f18d2b510fec50fcc,4
9bc3974cd640ca57d0557f0945107de3,4
89c295abf251173f604b30fa2a9e37ea,4
729d7d2b20d722fc8fbf95996203bad9,4
e52eb7b47b63d5b4f7dec74c52029dab,4
ab90f3be1918dea1fd2f4a48041e9eaa,4
6d9135e00e29d1273b9dda817e0c7cb0,4
ea8defe822af3a7aa089a261f72a4f2a,4
628f0f1298cf6c623eb4c1a47514acf9,4
69665c51ab9e26136d0b84aeff04b7b5,4
8d749060811ceb6b9e779b1ca99efc5f,4
37ff17f7f5c2181984de73a299e798c4,4
1f609c22f03d16a9eade0d547b2759f9,4
b549ffc2a46c05d1cc8954a483861ff3,4
fad5e14e6a9f89251868402293a43f91,4
dfc1dd52fbf75de1c603bcbd20a300a9,4
4f7d84b2aae99a5ef63c60a600543316,4
8a0e6f4b8ee87d4cda05adf7a17bbd03,4
46740f40094a2d9ce23e2d6e9740d23d,4
08bd865492160b045e1e8169ffc80c46,4
ec58202f4f89595c5b10947a340f4c8a,4
8f252ff56eba9f2eb977764d65865e35,4
330ce2bd2e3700c15369f981bd42e93a,4
4cc914da3515b72c9218229804574b27,4
5a946ce1e527331bd8e08731c9ab9cad,4
4929ed7875fde32cff65b05286b738f6,4
c581de8a5524c67930c523a74fda8a45,4
701ae2c5035f301f80470009453a0788,4
ebefa68f3c006168f214d760ce9fb58d,4
ed94b4c7e258dbf286d0d9e91c72b30b,4
350e2b0b6d2eb0087b7f6d3d67d8a12b,4
0bba2b07bd87905c729020a327abfa8f,4
35243f2aa0063806d26645851b31f1d6,4
6b296f2f0acd6b6d33ce65234bc4adc1,4
469c65fdfa169298d1f7d9538e9a9dd0,4
009feec9a147cee49f2e1af25fdc3d17,4
1abe5357dd93cd73cdeee8361eab70d6,4
9aecc8d602b2dad7bb43ecb0b9cd6f74,4
aff879496069fffdb4e0ef196a16f350,4
e6438f68a402f2b67a8dddc2ee67658b,4
25cf3a519d51a444c531ff8a8f391199,4
06c214924f7daaa162d4dda2a6df3f4e,4
8129a3fdeef4bcd6e98c7eeba85f96de,4
71f68318ebc16260c434aa3e350396a1,4
91bba79aa6196432599a84c9834faefc,4
d716b67a87d60839990d68cc4c1f1e27,4
ba34e3e354e369c1d22b88195119b1e8,4
db03ca2e1377a7a91a2a8773d053113d,4
1cbefdd13f90c2ddc62f21bf28adc3e4,4
90a3fcf8315198fbb87531366cef4b18,4
13aa270502229661db7e056798d0e442,4
1311b057e5ba4bfd354f962e9d14b607,4
44da0d760a0df7175eaed7d58e06d9f5,4
255811e6a1e26f2c835f7ce47b50205c,4
72e927b682bf2da97aafb933b5a6a833,4
ae2072631aef3a6fa307c1890bbcaf55,4
ad7e01ec83644aa499931e2c833fc6bd,4
a908e7c7d1d6d31be6e7b2812fb37813,4
38878af7ffeb3064c69fc350368a70be,4
e75269623295edc26e3d6ca6358b91da,4
8da4bc6612282eb649222c85b4597a5e,4
663e1e1a075400945e43e50247f1e557,4
4ae6c90de9cedd41a0df34edaa1f64a0,4
475ea508d23ee4de9fd19641f135c6a1,4
d358c16b5dd2575117ad6ce3892d179a,4
60280f0b7f457d7e3a0d1cc2e6d4cca0,4
7349e2f4c25b390f44106e7dac393668,4
f7d32047ce2ce7bc688d90d2e5f8112f,4
8b2a01643c2ab957c08e86c39322e7a1,4
a77942de6351a9e84e008b1ba9d5b04d,4
6ec757472b302bf97f977be65f65de3f,4
3b6dafdf6943eca05e27e9fc08ba96db,4
7d31b31a4b98c37b5297ca586fb7981c,4
e5a9200c575e619e90a2fede56e73569,4
bc06e64fcceeebdd93bd3381e92642b7,4
87dfbe97289de23f4d0e2aa97a0ca18d,4
713350f4f4fa2bce4c5ebc6ba76862f6,4
b8901c12a4d0bb092aa0b3e3a970ca27,4
376d0e88f99e7f1b104fb791d9383dcf,4
3b198d4c52a5ae34adc84f48a6419627,4
adc32253b019944d9e06d157b6959446,4
3dca1b1aaba580f79dab70e2a3b51451,4
186c685e78df86cde02c35f75810bef6,4
f2b0bc98c83d621db5702f953f93d383,4
284d78b608f97c2fe652272ea8628e2f,4
75511b649232b6056927b1e5ec4e9bc4,4
25c30d5597376fd32eba9b604fdc6e15,4
bfa193a2b6f08e79d8e3929dab9e5ed6,4
d13de9ac942ca0a5203ec78a61c88ac9,4
ca3f14205bee1adc9924e56b6528fd9b,4
17d59c120a0604cd8043105d298fe04b,4
86c1fe238b9d0a8dda4b8ca4f43503f3,4
96a48bed5029d10f1088b3527a478aea,4
546ffdc7e946c013281859f0d146a9a8,4
ea5b3afc19b75266db015ceb0709f8fd,4
666629a84e77aba58ed99871e7a710e3,4
85a990ba31f21ab3d41bcebb8a839edf,4
5d6ad05072882e48d29569d507a438d1,4
8aec7338c9b7580bf023ae04f54d09a5,4
83b74a291741832febdd9158bc25cb91,4
bdc63dcdebdd409681ff85dbd2dba0dd,4
2a7d3778af6e64d623b04561ec161abc,4
d918d87ea6c07585e9f8bc0603192e87,4
ef089000babc6fab09c44a84b3dc04a6,4
6660d435e35fed1247ba1869d8edef6b,4
48eb9215a9e227af21a4b821463e9972,4
bba4adb25f2dd8ecca50c9a735041906,4
a959913b6e745415bbe92751580c2019,4
08b7b96b56ab2b95ba026c2722846e06,4
3e46f410746eb446653405353058af3d,4
680f36f5bf1df9a6a12db5deafb00ea2,4
b0fac321b5cae7228fc9e8836b14df7c,4
ae7012b62c6fe373db64b55ece8a9ae3,4
83d239f94a182416187602b10c98f63c,4
c6f40c50a472231679b54ffdf22bbab7,4
6849baf976ce24c74ece5cfd4e6acb0f,4
25927a1a6da4bc0077dd67c43cf43161,4
87d36570b38e8a886100840d6ea248cb,4
8e4fa5d4a32e50a71e0108e859093c0d,4
f4630e2be70f28ce9e3e3b42c766ff16,4
206bdbe410267e755d74372c42890f77,4
620c1aa706b2ca1689859e6871a7db67,4
06152b2e3e0f87a4f99579e6471b3303,4
4e2dc202cffa411e9336c88ebae29a09,4
9d5a3235743a90e2a9afab0a03ebd0fb,4
d51ff8a88bbec0d807adf6bbf3b16b56,4
4ae3073abbe9db3ff2638e3fd037e56b,4
5c992f2dc42659974c095146c07763f8,4
afde874f447dd870cc1b37b19f915be2,4
46e286fd61a3052eee711943b46147e0,4
35ace431d909cb10894ddfa893f7e96b,4
1c7bd79f089fc060c9b5f27f4dccfdb6,4
dd87b0374591355cb8cba59080a0396c,4
aa6ac38952b65e2369d5b3b2a7297334,4
b545d607d654f1294b0d9ecabecf7bea,4
31e053c053f24005afc260a962042088,4
b602920eb20e2b2d13189812e2b6ab0a,4
15ad3969d989a038521153782302ec01,4
8af64d78a6a595e85b7b9085f6f8b772,4
241ad03502731e01698c31fe02da875e,4
e9521bbd913114ae5bde642f3b5197b0,4
c1d93fad94489ffbae85903b7d201b44,4
99fe8b5b692224237997d79765ce560d,4
197f95fe1d5b7949f6a208651211164e,4
2ec74d7427b4d5972fe9ef5aa07c5f6a,4
e54c85ceb3986b153f92b3dfdf8f291a,4
da35fede8ae143027e967873a3d3c018,4
184c23d8d1e581adbcbf3981fae03f9d,4
b501ce3da9da8670aaca481196825cf3,4
f7484a0ee8d6ed912e511a0ef55e00dc,4
8bab44b5fd0f71970c099d38fab4eb0f,4
5b16256aac25b0f92c6240c64d70c15a,4
bf2cbdc9c70474c8d42f83ea0c0fbce4,4
cc388fe48cfd97c74fd1b89be8649880,4
f0629984fda1d47f505ed7eded9ea560,4
25c540e86ee2fe1504621f023304c032,4
a0421587d029648052dfdb99ec6d32f7,4
f9a5495eed8f4ff1db9ea96a6d496728,4
6e86a2fb3660655cec398b25854eca0b,4
93d6e56939e38e2868add65afe79db66,4
00c0df6fed6fc9f455666504a2e0587f,4
1bea5b35fab136ced05870914c323c73,4
73dba1a12b8c1ec2f989c1f5d37a52f8,4
0ec30600dbf087e611c120da375ca98f,4
d74e5b0b56c6545e9b492c13fa8e183d,4
b25b87332350c1d8ad90db989330d899,4
213992261235a12dd688ecf190443b25,4
0368d16fdd99a0036daca3e9cfcc951e,4
83546e002344f7c17b97dd54aa534220,4
b48e1c2a4d4d9a5241589149f5aabf0e,4
02474f66e9aa70a94b044c646b3d998a,4
2d3ab5c0ba897b8d34890f060adf6baa,4
02e6355193b4e32b1a5406194aeb0428,4
1d9453e312823aaef0c81edd48bc09a6,4
3f112064005054a28c424aa7af135d23,4
5bb12d6b795f4e5077ff2202055eaf41,4
3ad4135548df67537311869d230a187c,4
7f23151717cbd2e4db317deb5466d62b,4
5059dec128e4ab33d30f8c558b1fbae0,4
f9f6cb766c09140258c221f3487cb538,4
184d56d22ae893223ba86aaa32654737,4
206a2ccf0165cb587c242f924474e18b,4
a11c1133b82a8b9ed21f0153b822d193,4
a40f1bed50dc9b93d1f62ff99a62fe7d,4
2c85e24dfd840bd656440d2a97e33680,4
df48a07bd661c6c8ad719382655b3b2d,4
0e25ff19e5184b166982895eaad6830c,4
ef3fe7711df69e135036dac07e5839de,4
4a0989a18aaa7940971655b211914b7e,4
ea8b57121c84dddfa8e48e488b220530,4
e1fb764866791fe787b74e2e307902bb,4
647a9c026763ce3c3f600067dcd1b53d,4
3fece415c92637d121ca3967842e555e,4
baad8f95318012bca89b1ae21fe5a620,4
accd5b069532dd8a16413b46b8451ca7,4
b2baa0141662411b613ee74f329a2151,4
3e75e043930b760b8cd48efc62be7885,4
3793b7f2e01416fbc5f80b8b41eaad86,4
8cd7ebd07125b56b9253e513766fcd2e,4
ec19da66cc79d1480de7a251f1505af0,4
ec6b445b4885cf555395795fbd10346d,4
9aa5b382a2415668d2db28f50f3c368f,4
5d841f9a887843d35e512e3ad635f946,4
7015ed99dded02b3765ca7d4c452db35,4
43f07772dced521e7cd1d42554c250c3,4
646dd3a52b8a01d578754fc88f08f3c5,4
1bdc6367d0fdd731494ba94396922712,4
dac7f8d8b5fa28671617d752667074c7,4
9a1069d025e6ce6f05d74b71fa5138d0,4
4bf6b1508496732b41215cf03122c72e,4
2737e6d5a9fbf22888933037dccb5af2,4
12526095729b748446c034016d777d86,4
892c72fb9089ff06276ee849631bc9fb,4
ee5bfe9903a67b3eb9fd57e8d93627fb,4
ce16988a4c5e6f02826ba89c657468b6,4
606a6741fd8135d1df59197ef0c4ba14,4
c12144892c7a780a8631cf7197dbe641,4
40fbbcd32cdc1df30e7af304bb5af202,4
49d081bd236190909fc65405ee28e545,4
c53232105e7e3a0f8332bc2121306149,4
93e956672cc583206e8e766b57e06665,4
8187e270a72f0eb27bf9502b2190fdcc,4
841624df77cb749c1840b862503cbc2a,4
f9b9cdb4945168b8153c63968ec85942,4
4196fbdce1c647a8a136b3cd2f48ccd6,4
45693cb31c0747439edc69a20a418ca5,4
913bdf08658c93db53b183553628a2f7,4
8d823ea6f19a01adf1ce5043e989807d,4
59ee510500c67a04333bd867c9b9880a,4
f929c35028a5bf86e3a636477799f582,4
b67eedd4cf4f3e5549f9b2565403861c,4
9ccaf3c9c18251e83720affd8ca0ea24,4
ceb2aa28d6e4c6c3d7b2022244bf7192,4
8ec2b29d0e525c77f1f946e6d7d9a466,4
1085372bc5dfa25abf46fd5a758899b3,4
f4584df39d0b82f4687ddd301e823fe1,4
6e3da038ba8c3522bc72988f010f2747,4
25902602197b31b5392e63395173371e,4
0625217209b9471d35d02f17d291008c,4
aff1f54422797c6aa4172ee8c3c40e37,4
80ed8dacb7cbfaedd3cba9175e87b9ec,4
a0349793306a7afdad8b1c4d16ac5269,4
3f5fd1c6718b39df91234d3cfa8bbba4,4
1601f66b9f20aecb3846f160a0062b97,4
7e8eca68d22bf47042c38027f8518b3d,4
a1941d5222515ebd7f34d10a49e3e09d,4
f766c44d1e1c92ebaa4a40c7fdd32459,4
3eec8ec595e4b4ff206d4d5cd7bbf370,4
c555407e77dc63caeef6b4d0507ecaed,4
dbc17f89a76ecb169d1054b147c2da99,4
fd108b58f059d1550148b096da6280a9,4
dfb4f783622adaec775a2a90159726ec,4
50da7395b95a0c61b67f85a0c49164d9,4
646d29f335f04907db784c7bbaef64c4,4
8de6e8a8d13dd29a6da936e7f15f0f03,4
40f75158bc24479fcd5ff06e5647559f,4
2f4732eec12560d9085af6274b9f0621,4
ff38ef8e793103cfb16b68ca486870ae,4
162a941a44b260e5c17b1acd4fd307a5,4
fb79f81e7dd39c46277c9cd3c09f1cea,4
17cbd5fe5b03e6bb2c7018ca2da93fe1,4
55db1cffe7fde020d3932004d1090901,4
2fa9662769ee65ee218724dba0bebf32,4
875167362f0ad789b9917c1a9cae1e6f,4
5ef8ba3e6314ac4346feefb228298025,4
05199d248c2033117fe1f89494dfa10c,4
16a59029e6c06e3926d910ec9189144d,4
aff19e54d6df547f76bd3998691b71de,4
de630ec20da0c8d299c625568600d78f,4
dc13ce1a657cc58c87e025eed2194013,4
a41b6f158c2f3d2f4b51ff07aacc7c7c,4
077d419e25f23da86f5e031110c958fc,4
b97b60b378e3dee88d1e7e835c8e3cf2,4
7bf1c333bde707a91109635172c90bab,4
0b4102eb2e1063b0e9b21f35fae72f52,4
96f5ddd5e57efb5e9ae49f66a88e352d,4
604c0d6d87d00068c72d2b6c73cf218c,4
eb911c6cd09fba51c13a06ed2bd0ba0b,4
b624cb586a383b55e737e4b98ebdd78a,4
a19244b4d698f5e6125f42977ab1f9df,4
3e9263d4bb6b293fa85482c15f926f5e,4
b2704fe1bd9abcdb28f786ff49215af8,4
0bf6d05351f7322fd70eda076c92f635,4
1e7839f68eb5f5f0442ef144845f705a,4
393a81286e3ff10843073e2672839994,4
86c132f4be193a9ceb8e3bb13b61dac9,4
8507137f583e64f898f7b1089c81126a,4
4380b3b3a7510dd0eb62b543a24eb2e7,4
780a14a2d1ce0eafabf39b4abf9f230d,4
96b27f45349c1c6bfa27bce5ec3ccd11,4
b7998e1e655f6d54bc7dcc3b730e343a,4
f25348576d02e994302c04b005086ec1,4
980fe7682380b6ca1038fa9255191b91,4
fc2352c480b64b874a8ba7b817846fb2,4
58641fe0dc36daedbee06eb318241484,4
fde7d56c24f01e4a2076d8875cd68085,4
4180acf4de2a2073d29f14a03aeb59cb,4
3cfc67a94425ed942d330cf796472863,4
5f2ac8b16a1623eed1ea4e6d3e8d324d,4
00d7af83990dce966d021023afe82ce6,4
ed41925b610ff070a81c494198c6309d,4
58a950724b26a85c586da84452dfddbb,4
9a0004123c187a9d6390ea494b7f25b9,4
fcfb8ab2cf93d7abded07652f42e4641,4
9c296ac1c86fabaf0c14943796ff4b35,4
16e03b28578144c792d48504d82e6aa9,4
ea005d8a57aebd1659c12ba90fde79a9,4
af676e7c061fdff483a3ec69a6b45e91,4
cba875628b579427f5bd00a92b2a0745,4
838603b8bf5c2b4cba2f4410bde71b6f,4
16cccbd5b317d6b006fba1788a95b9c4,4
54f9dc0fb22027c3f9e1854039d759ff,4
5f6724ec991128972a61cb5d5c157af7,4
cbad3ab3caaf25b788ee13a7a6edcd0c,4
1636abd5fbb0bda190c9113178ea9421,4
6ac94c738dde936939c88bb1f30b81d1,4
e73284a1ba6b27a2ece7f7572edd786b,4
18fa893e7a7f9d9489b287eb1a6cd7d3,4
88146882f673330dd988889c068402a3,4
00ee2e05a4eaf9da05031a40ff973840,4
346ed1496348a42d7577a40eb4686309,4
56bacee382a0c8e4b4c7722f9b453e37,4
090400d49465bf75e6d6e7ffdf136d1b,4
eff769131e0071a4a00cacc45c31acc8,4
dfa29ed4a848d6591918a2f62f5d64f5,4
3af9dfd02cf40d2e4fd6d636bd3aad94,4
7ad78792c0a25633fe8a8dfdd01eb5f1,4
5984aa29e2021279c1ee1527f2a1edd6,4
afe8d1127c3398595602c2c5956fbc53,4
ffe9c8d8fe5523cc270b0bcd56476133,4
3fa0c5b4cc9f5a1e10d05d2fb2fd1e48,4
6a707961cec8eecab75117e0a15ec23b,4
4b0b8b60d0055be92c6da40dbf2a479c,4
6070a03525e4ddfff3e0c2276cf4a368,4
7495472d3d17ed019548f40fb7093892,4
8153599fc9cfbd5c15574555a9882900,4
73214a4319e933ebecc83f06a7cc3e1a,4
e4c7e2fba57032a8144aa7581587913c,4
9d89b761a4248761864b10b8356e9dff,4
8faa3aa60b7cd7da2e9a2c1d97114155,4
1148debf296edc11b7a9fe7061ee63e8,4
b0a170a3154a1d6446563a559ed4c307,4
7a0f3e74f44baf8f2240fc25d2aa5756,4
758db747125549e8a0c3d0831bb75ad2,4
a0b9d4bc3ceaadc861ec0eddb418250e,4
4e6c91d6c18daa55f671c7bf9136bf87,4
c2962d219529d0fae4603e717da28628,4
64d06975d7967676869961f1dfd55511,4
55dcfd47691a39bb1710e8c74a984586,4
75456956e9bb275ff2ea010b10bec3e7,4
fd86b31b659e931ff073fc8f0c9a94b9,4
7f5826608af3d9bcd023bdcacceb0260,4
996b7381893ff6ae06b615c782d287fa,4
ba10d48de69a2795d2e2ed1de58330cb,4
6654a3b7277ad4277c8908b91c10893c,4
f37b1bcf45111a035012ec450c584703,4
42b7659831e12217ccd167467556be5d,4
cd4c95c595f22f68c2adeb0d9edfa56d,4
c0e553462bfa7bcb81974d24c84f8290,4
57eddc0cfac13f896fd3930c818c4670,4
ab80b8254e028afd6b7e7022943a0c48,4
f46e0c0017505214d3d4a02468124389,4
811f21ee319caabc93d32388856d7a53,4
b20679f648d9523132156231a5e37955,4
be4f6c463b3ac274a6db0f62f595fb27,4
930a37cdfa103488e6ba518d6b5193bb,4
1cb1745258920364f282cd0983376b4c,4
ebf47407f0c69d09fb35c79e95e3fcb6,4
41351afa16471b13f2fd4f70c2d7718b,4
a7791badbe53a240bd16e5af62384f07,4
4dce986949396287f75987790c3ae1ef,4
6f34d9c7331529cf1da141ca90845264,4
a2b7cfb2e4b6c306dfc465bb662e14a2,4
bfa94df9d320dbefcba9a6826c0f63c5,4
4c6db3e7e2f8e7d6897cf6b611dd9004,4
78db8ce01d2b878d8ff03fa6e71c3571,4
096f94da58f9b81bcbb5b7ab1f67e9c0,4
a8811b5de160ed8aebf7632e1544db9b,4
8d7f761a0fc68ac462c4b79462750127,4
b4d24c6ff36a42d45de5f3177235c3e1,4
5fdd76c1836af9d120915fa7572941e6,4
829e69717514e1959c3cf2e0cf706565,4
46017d556c0cae0f5a36d39462088db4,4
fe38b025543eb9a43ccd8b98548dacc1,4
a993458109f26242753c07bd744cd525,4
32a148182208bb04adcedd71f4eb4e1f,4
6ca550eab88d92865e01dbe8595d3a39,4
0f890bffc83baab7ed762080bd2fe8e0,4
3a81efa981c7fe8c35dac1ad18ac78e1,4
e455dc5c1811ec0000e25cd13f24fcef,4
201b494083acc527278ef90a67981669,4
0e9b30cb6ac4d18a80bf274300ee6c2d,4
ca197ee259e030913f3ee6aecc076322,4
9ef3f8bc0ab351d760e9b74e5af59f73,4
b20e395e3f040b3409ff94a9335c8765,4
44ac237e8686dc1cbe4d79bc7a4d1a02,4
da2b3644c1ebc300bae07df5cedbeaa6,4
0b18c4f9f26b52071d2bf97fcc27ee8b,4
3099f0243f70a36e38c7701afab3fd01,4
58ce46d3254b21b1770931914b6fa12c,4
b91528f1aba5e3905ad55f746e422c94,4
016c1a949b4df0da9966bf01500ae791,4
f1ca88e04fa971fa4f35894089d668ff,4
edd2eaf8f25d5f49383948ce78bc708b,4
4e9e7c2d6ee534d37a0ef7e98702ee98,4
a4723c35822bc53d17a5ed0d976a805c,4
74dfa787d45d5facb40e383c7ecd97e3,4
e135814674afbf320df0b6db97f7234e,4
a10f69299518e11d18f6e3f9d5942bab,4
191552ed1ec70f8db9026cac7b80d021,4
172dc82e79713556090f03ca77b726b5,4
8b2fb224d75c6cd500b0348bb88ca720,4
f2597b747ad69045a5ca94383b9d7be6,4
55b85ff6ab6287c1e50c49a2ea9040ef,4
fb97b05753e898291d4c5c54e08d6419,4
8c43657fef0ddd886bca40de33e75ce9,4
23e0de679afb50f2aefbec8aa0a247b3,4
b03fd33b23b4afca0aaa6021b373e9af,4
66d3212464a7a106ccdb20a27dd0b28e,4
378b2caea2831fb5eaeef62de8eda716,4
bf3f57425442748914ad6487104fc1f2,4
3e832f3d0d3d0b6abc50ca048a957cd5,4
97aa2e7670cbc7fd51e444dbeb22d084,4
38744889daf9ba9900af803152172376,4
6ef2f2a7aa0881b811a953c26ea7e4c2,4
8f5a5635a683a128160e52171cbbbd32,4
c439a73f9beb09fc5e4690616b357b9e,4
bb8e8cd569006186fc2777b53244d8c1,4
6615c6d791e7a41997b9a0aac7083ef3,4
fd5b33ff9e34888cd59a3a9329848663,4
eb392e3eac7d3f7187c4111d3058aed3,4
bcc5568de94a46f64d69c927d410fa28,4
8dc46373a085876588597f6ec7126ade,4
90a60cc141f73ebec315d24cc6a8c2b0,4
f5576170387328dffa5f496a7acd01c7,4
51cdea67eaea488eb0eda8948281486a,4
5b7b9c8609f708e88aef7f89520c6a9a,4
43afe5499e3f8f390f96085cb8d4d47e,4
716ea63331ee6e0656f9cf610f04d7b2,4
83c2df546cb33f35a9e17b596597c906,4
6d355914257497722e0326c6d0665b2a,4
44c16228be7bd3d610a502c5fa3bb45f,4
84b14b2242feee6193e4c4677ecf47ce,4
c610680b1e4d517384746f0d932d331e,4
80ef94eb50ce9eafb13f7a5493a6ae8f,4
f50686dee5e6d79f1bf48f5974dec74d,4
917c8f4d011f5d3c394272425cd059ba,4
6b74fa16db1ac1ad15e57fc33183684a,4
b847337a7557ce5cf175c56f24efacf1,4
0b4fc54497bcf35c755c6f4b87bf8d89,4
598c2a01a178e40edb2c4f7d8e3b7f67,4
f6f36b38ab33e2a7d906fc3ef7877f45,4
ed7b48607d2aed560555a5acc72eb733,4
9385debc15be9b5868029d20f8732e6b,4
539d1b667fd3caf49f8367a3cd3c93a3,4
a14cc1effa75d0a1613db86d3b5a0be7,4
8cd36f91f58333750251603653bf7eed,4
aec6f89f4c96e4a6deaea0f3261e3028,4
342d11e70a83eec3c4a80900860ab732,4
7453864c23c6e4b913f7e47488aaaa96,4
31b9cd98ff5b1cd87b0b736da6ce9d74,4
dde5b0d50af0a3323965d9ef4a96139b,4
1ebf24e0a8a3e1c89e6e25d8f62d65e2,4
11b48d7dc65f1a2ed99aabc1f2aa7ce9,4
2abd47132645a6e96cc35fe0338f53a4,4
0d2719c08e678eb02ae863e0d9bd2f36,4
57a482f57bee0ab50a448a8062c197ef,4
282409759067ddc6556bf81e4c3f3922,4
6f71953de6784092e91149933d78f5ac,4
397106b7b4515f652ff7fc1f752c9c5b,4
6f370e9d9d306cf32e650f4b374a94e3,4
2809aae961fb01da69437a54948d1935,4
147ad8ffa37fba86fe40b1881eb38367,4
a3036566195d999361f092f37b126b75,4
b628d4f8152bf82e7f0514a1e631896b,4
5a1336cd6861d6710c455551ed6c79fd,4
7b416150a285a3b425b38405b2644815,4
78f203cdff5365c0bc78c23861c92205,4
34dd5b7bf7579c2647fa83513599ccda,4
2d39ac8d5e516ba0ed3c4f058a4513f2,4
ab874d0a19729c9e286df5d88fa3754f,4
7071ba10fede77627a6a0e58f550ef02,4
554b33f0920bb6a29696ca5d9f73cd44,4
ac5390f501beda4314814afa8769df8d,4
458b90c236825494c5c8b4e5ae7e8aca,4
2c81df8d68ce63abb3aeae71c531e2f0,4
40d5a2c20adcb6e546131783ae1677ec,4
24a9d8348f87f6b2c5514e8403843f10,4
e3bcf438dc522eae55c3b952f93d1ccc,4
671953503a8be565296703c0685cb754,4
9e40d678672ca6336452bb7066f7d93a,4
7a228efc6463ab1cee8d7f271868c939,4
11c91a51324b136feb599754f9f7d4fa,4
321cd42490ce1557f245f4c4aed4fa91,4
e82d09ee6dae430383506e94f56f0db2,4
b21c972380aa531407fa32118d423a43,4
1d48a33ce1bcfee9e8ff5e0dec20b6e0,4
38d4b96a0f4b17584d646864f9e5d663,4
5cc247ca3e738f5c0aee3cbd3af557c4,4
466d4c9c4e4f392045d514d6e56dae16,4
a10d2723d94541b52bdbdaf80cfce9c8,4
342ffd4d3d76649f6b84390cfe9b0cf4,4
f6e0b4ba02e931d096a34ad689398479,4
3702a5e601b053c7a883b2502d95d92d,4
958c572345ac255474b254737919f86b,4
3693876cde0f32e48e22c96a272dbe6f,4
f571e6ded1d7aad230ed5e85b230ce5d,4
1be4dfbac91ca5e9f03f25b456c9ee0b,4
52ac2f8150a43145339447df04414d45,4
71242e903f608b87bb3282a376e5936c,4
1756d2fc58b07d46caef2bf899550efa,4
047d7ec353a5503dc2a4d41954532ade,4
c3d1f8313b5c3de20db942965ccff07b,4
98f5aa4f6d8e3c633f5221612ba0753d,4
9154b96510587f4ace34adbfb60a0066,4
2151dde33b38f88fa802e39754de4d02,4
58b65724ad957845b2d099b149aa9df6,4
58b91ab02586796ef1413197e5467e1c,4
780676028a83af3841cfde4226b3cf44,4
b10b040c2e61d2c0a0895392ebc3db8b,4
a5744643b95b1c6e6cc9b3360a63c979,4
a53c4f17130c8037f4eaae95da68adba,4
a8e5bed8acebf0becf027c5937771321,4
ad12a9222c0ea85422da7be746a5eded,4
0e15cd172323b42dcef502dfa8b6e4e0,4
eafae01a172b31668ee114b3c6e3bfcb,4
e40403a942e8ada266bd9117308cfe32,4
0f17c6a47292de590cfc93c293e5e77d,4
78fd98003e288515c467ccca97562ec3,4
3e6d28f1df627aa71f2e1f2943b9313c,4
2c0ebbb5eb20122a38ce5ad56e54c15d,4
84b77307b77d77d5b37d5df571836558,4
598836d6909ed379210f8f7390ed04b8,4
f7bbb5943d139bd6380e8e212ee65026,4
d78585b7b7db0b2f8af75c9bf5e77ee7,4
b9386a3701980b045a8dc6736804501e,4
1a2a5860c465918f1fa8de1a5f2c53ac,4
2ebf61cc11c2ad23e0abc1f1b25f005d,4
d7b8806b0c330e1d5986344abd8fbec6,4
9e51c1c876bd7d0f5b90b38dda3b9a42,4
06c2801f932bc91a343951babd5f9374,4
74da7429f9b52f23f480bf8724963228,4
acb852e1df5326c76839b7c7a86eb340,4
4933efe33702ef8eefb678b9c1b3ac0f,4
eab8a038f49f26d1e996747ecee8bfe7,4
bf06e2d9d070d95b7ccbcfb9fd467285,4
3895347de783d2539aa3e7965b7fd1af,4
3c3c36f1562d559342cc66386337ac3c,4
74275e1ee7244b4861b3afce7f277b85,4
b3e68c9e61c2b65021d870a2e112568e,4
ff87d2d7e87c1be6249dd6f1e008fd90,4
60f5a072253894e0e5dbe12f10ca61ce,4
f5956e6a2ed91d6529c567ea6fe36d86,4
0871597f47b20473d475e84c74fba2b8,4
06f47380442932022ce769a835f36463,4
34dc0fd8c976ecf9eacee190d7bb5cc5,4
ef8566b8354956b0ed814f2348cc0fb8,4
91a64023d89cb7084ce482873a248266,4
aa48252223435cb4f196b8da12794be9,4
9c9b345f9aa6c16303b7f50fd8a13d36,4
9a48e042b8df1893191f6f5dd09cd646,4
57041dfc98ea644fa4314ca9371ba202,4
b960a781217b306136e2d3d6397f7c2b,4
b0b5f7861d3571cad2cf614899c2d872,4
919f65d4df7765b1bee7a69157b5f42c,4
d4edadaea62726a72406d38e7263f0ff,4
0a1eb7c3861bd9efd7db43ac42d835cc,4
b07fb63761be4e7ff5ddca979118bcdf,4
a419252470f6f75017dabe1fce84babf,4
d0aa2be7f579f92ac09a834ccc044351,4
000af65629f98574d6505339818f138f,4
1a18d22d7c43d96e12fe3ab608bbd6e0,4
fca8d8bf944eb920697ba56910cfbaae,4
fb964cf207b808f9dc817ff54b379233,4
085f4ee86839d2fe8eb058036e7b685d,4
5ae2f2313bd7fd41eb992e8a53c00c2f,4
943d3e29122b9862b59c88b8edc20601,4
8e1094504ac30e9fb75dbd4d86f4e7d8,4
6e820368ab15faa15cdf9ee29039347e,4
d2692d1960b0943c0a4a74fe9b594f47,4
ae44d5dd58e24db1df0fdd84acf7ae52,4
d367e796a607a7ece725163e0fbef974,4
8df7e25fc5591b61ca540a450366cafc,4
1cc58a1907a9498968f9c746e241e583,4
925ffbb9c4cf8dd014f20c7739b4a599,4
06d18b0dc86cccd8e7432bd444d897d6,4
75c90f7f9c555fdab5095f9f94756463,4
84f277a552b8585cf1ae6877aeb8b62b,4
9f1802f6d07494098d5b22c80b61a98a,4
0161c9c8f00c3a6e126bb1f9a7e65f58,4
f4377f82fa70a17f201dfa1104706f73,4
49dba4a4b250bd24627cbd78f033b352,4
021477cca5a5287e476f19c19de8a569,4
4d363099f538cd28adfe9c4015f9c773,4
af1f66a6da83226fa574cec6fdb5340c,4
f576852066875a36097102d32f460b2b,4
f87c700651a707122e599c18bb7e9e72,4
13006370085f9fd8b7f2b07a2db1dbb6,4
eb29eb5c7b1624ae09ed8f17fbac0db5,4
27920be792ec3215bb8aedc55e118c32,4
3974e2ebf895f20098d16a3817c87cae,4
bd83a795cc9b38d9098b186a5dc1251c,4
66d98ea1d2258d2d3180614cfe56211b,4
fef273f7eb7484c9d831043efe446f07,4
8e83fa3cd0351e52383902c871a173e2,4
dc846558f164f048ea89c7ca1692571b,4
e53bf361e3f04721ea42454c3b3fe7a7,4
dba869fd85ce9d4d520781ce6cbdf7d1,4
feb21da44d8f5c5e3e4cd3fe7694ab2c,4
7eda0ea02522d6eb9cf75b04f9937709,4
b18d7e5120e08f9d5077f8a9aca7e3de,4
3aa88f3abe6bd13a325c81e300617cbb,4
c4a82740405a85c6bd5b2df112a5d3c3,4
c68667dc17e539391c815f5c92eb3050,4
e614acb2bdcb340e6ab2427329fd54c0,4
55513822bc1e02fc62b61ba829fa5726,4
babcd9bf6addba5e879bed158bbfaf4b,4
d7482d8a2f05cc5e2fd7140b0b04f7a7,4
624ccd28040f9da064b78ad758cdbbf7,4
64920bec761ec70f6d997c15bff3b4e1,4
1e6eb775c83cfa0f2432bed5cb725172,4
edb5bcecebf316dfb80701954cd35531,4
291ac5e9bf5eb1970d77a68d3c76ffa8,4
ab1cb32cf93f8636b7ecd309228fa767,4
52e425e02a75bf4e098c8eded99868e6,4
310b14b4cd94cec9283bab283858b8d6,4
637b1b8901af239b23c48da2fa345fe6,4
09aa19719981706390436bc8688de072,4
6fac1a3bf9a8759aff64cddc3e44ec7f,4
2667e15eb0246a32b00e6f5a00f4f987,4
7135b1c76db4b6cb8d09474f2d136b8b,4
20b3af2df7f2db5041fd934cfeb2fb6e,4
b7f437fa2ce092d9b5ed4abb723a4fa5,4
f1101013e2cce87181f0ee92de347468,4
440571364ee5e9110db1f4d56acfde50,4
be80f17fadbf07d2681c0093448ad36f,4
2d4af0a5e395a35eb100e87ae60d153f,4
12a4581177d05c44baa101b8ea2cdb87,4
fc8e11706c42cb4fd4490daa6712c437,4
a24e63cdcfe4eb652636cee4cd19e126,4
f8086e50900f89d7255936e555b9c63a,4
8301685615dbe7e9fbbf7a049075682b,4
75b0498c3c1ba3575b311dc158455e36,4
0fec7669572e828a400bf00c741d48ff,4
5dbfa81dc90ce29c4925a9a28bafe32a,4
ce542f413f6788d5d17d3f5b38568583,4
2d07df5d9654978760da9ab577b6a572,4
48bbbefadaf96e8661782571ff2aaf9f,4
3f987836dd4f6ae4d3faf73f5e07c133,4
5cc2664b8e2b6bae8e770279e4d7eee6,4
dedb862cb946418f9442f74b380fa958,4
bb6b7881e8cf94c97f7b2080654e9ae4,4
ca7728e224e17a47b31d05076ae454a7,4
f4a4b52bf7ff60eba48923d3dbbd6cca,4
1e686c1b07cb2e7a9792dbe3bdfac520,4
2a8d984783c3699b19109ea4c356d515,4
9e0c08df02e03005294284992b150804,4
fdefcb881dace1de61a2d9fa5d1b4e58,4
ca4fbeec20a2e2e45b30eed84cdbf644,4
ca2acc2bf0fec61952dc3cb30de34296,4
8d3c50b8582e6f3cc3b7200edf3d1bc4,4
db459d291e0836c3cd41c4e7bcbc2704,4
abb659dea0a0ecd9d1345a94bd6394e6,4
bdc8dbad91cb31a3920145cd688ec30b,4
6f43af2239fa71d42f0a7406e189be68,4
6670b5f24832ede41885b62259fab54e,4
2a942694c6df184fc5d5cf2617ab43d4,4
632885620bb22d963cae52de2e3d41d5,4
5bfcb929bfbe46e6403ce4c1076bbcd0,4
c801312477cc5114224b27ade7017ba4,4
b53afed830d6635962bc5536c824440e,4
bc2e24d68eaaf57b8ddc85a55b717492,4
c5b6fb1705c0f134c51697656ffdd9bd,4
8eb1a7599ec1f8bdc191cabab701739e,4
e020ef4dc99cd8764b936f987e8954b0,4
1e6e6524bf8017a6558b73e4cd1997d3,4
8f43393031008b699f0ab63d60add3c0,4
e51c59780c6bcb8a6c0540dc3818de66,4
bef6d46e867775036c5c1416ec3d6107,4
9fcfedbf70c3092ea840bbefe0e5cc1d,4
e48252a70960cd1c9fa3806c05a3e9e4,4
a7dc1364fae6b0723729f45c8dc8a852,4
63f330939ae367fed926a2120f46a43e,4
d123c5d3b7a855c1253ab50061495bec,4
e3c1e63b57e1a123b35598c89f00570d,4
c30b6d3bdef7dfe0cb5323f9628cb69c,4
9edde169bb42c174733b9c9c45099c20,4
cd17fb6e974cfecc799a6a80b15f324c,4
0abe8fc099bcd932f09b83f9a6950bca,4
f996a427afdffc5af7c04da78d749583,4
5da402a84ede7e2f09a1b887222e2218,4
44145dc148067c946571ff25de8c47bd,4
4047025f6cf17879a9098182032560db,4
783ff4ecc1a1d2037bffed025f156dba,4
ea7cbc768a7e60f183afbcd1ac50118f,4
d5974aeaccd3e70b935c6618327abe4b,4
5951d383ef65ba75f40d36c360989c95,4
b8d5aa24ed5d0613a3570c4f7efd4480,4
aa3d6ff41ad942db2fc082e6b982e789,4
31c35d93bd832a9319a164fadf543ab6,4
0a1ad4605bc868d73156e139fe2d5723,4
52e5caa99ff58ee10de96d7002dbc4cf,4
8e925980818dbc07da6a2cd9a0a93c50,4
08c282a1bdef51779395b64f6f62066d,4
b547e203041e5785ebd3d06df822e3cd,4
d919729a914f342bc6e177f5e033a34b,4
b00ef752c7b277c4ae67afa80b65e1cd,4
ef282975b42e62475a40aebb05d538a5,4
fd4295312cda9157c1e86baf6cb50b23,4
9f92600f79df4b666c36fad9ce0ae0c7,4
e3183292b1bf017b96fe6987daade33e,4
c9c563758b7608657a88cafdd02317b5,4
5e8b1a8659769c69cb94aafcc10227c2,4
87289f553b52044ce86c66793b4f2988,4
7bbaacb4254ef3c3b7f7f0ba18302347,4
545e99c14af3fc5822edb0f99f19811d,4
0aec7e37b2c07e48cd92406204308098,4
09e32ce92bc0a01d1f7a01a79a339775,4
0d87b76e1dd6e7c66cafb517a9c0e84a,4
828e86011af63f842b6919a102421fbf,4
3fa02a5c13cf4e2ce012f0b94200825b,4
c7b2f5b4381afe07b7a2954f1856a985,4
69c1f0d3939774a894b729f434dd553d,4
5cf91dfdc481b0a57feab798e2ee8b73,4
ffc79eb53e3948f35874a931e6d6f1e4,4
f6d7da7d10a677a60f8f67e14f58347a,4
b1d00a376c49c542fd0e1d15c6811729,4
7ee9ff5dcab629873df9dd9096d8d4bb,4
9e0944579cc7904ac7732eab0367386f,4
c5b106bbf0a561322025c74464ecc302,4
ac59cfc9dddc998c494c75f08ceb7d64,4
181f1cd25ea7f6ae0e9e4bde17ace626,4
26655bdd95b1965411fa901426b80e0b,4
438902264730320e4d002a267e7be89c,4
40c81d2b36579675243d9ce40cd4c1be,4
b4960d046bf60285149be88f390010a1,4
861cf8a97b15fb4b107937baeb8e1e8a,4
7f781a6f778320944eeec5caa841e1b9,4
247274d277a7e9abaf5c3428b904c6a9,4
d32614c10680858d1ced82f947ba8279,4
5970b2929aaeec25520fca50347c53f5,4
83327c06293458f110656b23c837aa5b,4
68f93f78a9ad2870adb399c3d8d1ef8d,4
90f6e186e8c103f4bc68ec8c380cac05,4
f8a02ec0d8094b6f0a78139ba163a6f0,4
81aeffecb139b3950efad89cb745fc48,4
7891ab3150ce1836f41e944eafab7dcc,4
e578d28e36d83eb5117e4e7b94b55716,4
73c05416a886dfd0860aae0b05f16065,4
71730c7dbda31ddcf290896341f0c04f,4
ee0215fd973c7d66bbbeab18a4d0cbce,4
44eacb516495fda9f638defb0362ac43,4
7e73bbaaa1fad143b0c4296af8eeb406,4
7ff3b6c74f70e6305af7db855fc4747a,4
ff1a9481975edeb896cef81eb8c673fe,4
6e00f46edcbdf9d9a5552a055f5329ea,4
a771c57d131a5516c6d053df439e71b5,4
6cc2853e3c2e37bced46731aaf0b409b,4
34ff960c7697144ed7910e9ef3430580,4
d308a213494211a4f542a8adc31f392e,4
4ffe24b2ef3ba78d7d6b51a8ae13ea22,4
5f30c0adf794fdd21b05df74469df94e,4
19d12713dc674835791d7bc8090556f7,4
28159a168c179597ee5dd9222b06ee0d,4
ecb0f57c4fcfc3fbb1d3a2fccd74cc36,4
374ef69311564985721171d86bec9fca,4
33d06f88e9fa8dd747a54f9260bd3c68,4
842ef1a56f91300bf5ce73e1f64ad4e1,4
5fdb62d7c6bfb003ab03cc0704c6eca8,4
e238b0bb32885724d9ca81f5a69e7092,4
445fd9b3620cfe65c4e9c3158d9b4ec4,4
9331a8f0ee50a8e4e9725687994ee2a6,4
5b9ee1470b067040b7cb80ee9f509035,4
f6e262b0d6bed48d12169fe7bf8ea7bd,4
ba9726a804a87f0c003367d627cc9260,4
a7e0f57710034eeeb00ae116c558ebcb,4
eaee3b5d3bc309ddcc3159cc95b117cc,4
93a3b7d6bc4c1d75810cf7bf1868e316,4
f568a9b1247d4d23e80e0db9b93f6847,4
cc3c99da45d08cc2c6c2de0b88caebe3,4
5f126267442c5bd0003eb9a6346d12cd,4
e7f9e650459bb9d4e23126cceadbb54a,4
583d74822dfd5b5d19789867b4efe375,4
ed35bd69cb600171e9d006861de6922c,4
7053bd1a8fdc4bb300e238652cb7794f,4
a270b42bb93a864fa53a77e079264f4e,4
5bf70944135d30f1ebcea8198ce1c0d4,4
8a49044d0fbed8824787904bc895896e,4
276f04cb0e13013da06826b69689eb94,4
51c595ad5c43d81b33db4726bcdb98b8,4
7019e43b458b5e4977d2ce7e615a1559,7
e7861af94a9be28885834c9fe311f7de,7
15bfd8c5d522243f2c0d3cb351f37408,7
0b4f7361df3be0fc3a245f5d942d0e1c,7
103169c81f1c7121e0b02bbf940d0183,7
11819d1c4f6e10b31cc4a7ae60c902cd,7
7fc257972140e1b166f2a24839c9c283,7
151b92c62902328dc10eab8597aca513,7
4a83df331a66efc0a5dffcfdb8f4c325,7
2cb3c81975060f18640e73a28bf71608,7
28623e6b2acd58189fa965a633d222c8,7
fcf2bc76c54673a384e715fb94cc5083,7
a801b74bc3d0285118f1cc8a794478ea,7
4d29df761aaa8361614974a76a1c0724,7
96468edbf808bf296045616148a5f5c7,7
03a2eadb5dfd2c092b5e355e1aff45d7,7
6a31aac785ee1f56ab1cd7d454d24708,7
36e41554c3ca0d2d9939c2e0e7187e17,7
6dae2e52599a112a2de4231dfc8fa71d,7
5a34a6fe644f46b5fd63d39c2e8b5a93,7
067cc1b9a404334efcc92f3c5a1c9121,7
74c3413a833f22a7a7c73ebc42361686,7
ea0502c0f355a900582bae0666beba2b,7
13d00fbab1560826c08de735393a25b4,7
6287553b58c861065b89bf030d1a19fd,7
56eba1a33a21f1b930d4fc2c6183eab6,7
e8bfb33d364d862d865dcc8d55c5508a,7
21e1a116331deadf3553de93ac8f46bd,7
2988da7fb319c087cb126ecc637f4482,7
9cb54b964c26d7cad622399976f97155,7
348d1f180a2bbd4ed959b6302a230c76,7
d6f767b835e52fcdf3551f7d98e6d1b9,7
c3399899b75e1dd7e46e9042c0469fcd,7
8cda039868457174a87ad02f7cfcc6d1,7
3455a5cc939d8d4e991edeb4b41ed470,7
09166e5daafcf38ae165666b3bb715dd,7
2ab330b1c3257ab81812371444d04cf3,7
376af8be2baf85fbcc3041e960f67b92,7
0ed7f1a3bd5c8fdd4322709d786d9d5c,7
7749bbc3a5d51537741bcf3568637cb9,7
411f314b56590a7961b48f057edfc746,7
2480c978bdbe4036b9a1774163bef78a,7
05822a48efdcb5944343218428d1d3dd,7
e58926358b9c8063ec470abc370652e5,7
ba64ac8ecd5dec74f4468c999afaf8fe,7
f3884f854b3be1a26cdead4e0c4a0688,7
312046a64b3ec10a030c3e859be75662,7
84985754c0e07c394b7f2dc59ab22cd1,7
a71a8e19245729dd4ccda1e5f351f1f1,7
9b63876fff446edfd4deb70a03f91b9d,7
e108a1bb5385fa6507dd5398580e9a58,7
f14d52ba2adeb32d2bacd43a28f802d4,7
c9682ab49a990204202b444129be37b4,7
613f305ed55701679a1712637d109b24,7
65cfc728020f880575730930471840be,7
36a6fd2f02a87fcdf224d46ce736b3f3,7
ad71932bbe5ae97f9a9c6d91497a686e,7
d3d5dbc59fc098a156d5f23375955879,7
a9e8958cb03866eae23b8ff8304fb00a,7
12dfade4f501741f9e106ed86615f367,7
68851c7b7943a000860b3a94afb18d7e,7
cb7afdba9e70c761e104055dec687e6a,7
9f371d36461077fde1ecb1da508d7a73,7
131c7fc4cb70c84da7d934e0630aa8b2,7
ec3db8acab10367719095802f300e43a,7
f1212104eacc1462b7cd83d9d1943a76,7
32b2cb714a1f89153b76d075b699022a,7
94c75dbd9de4c0bcd32eed0b67727756,7
8178798da7b57ed0f1f1dd729f312f5f,7
e487155f2e6b4b983ae783e647030027,7
5f355de49fbe5b3fb7946ac938e3548d,7
ca8f40e31ab1d2d6ebf6e42559291999,7
60ba479a82c177a50ec2570e59e3558a,7
154c8095af0578972d14b203ba91bc3f,7
b4d84f38e629b88775ecab7f0f5e6918,7
69d966fc38d92ae015e18c0c4a85ad06,7
033716eb499dc80aa44d99fbff3435d0,7
21332f98e361f0bae6715985d5ad1a3e,7
91025095f50fc4a9f97c8470d494b99b,7
5b3e097c70eeda8132cf8114afbab55f,7
ab201ed52af22d509fd9429a9dd30247,7
81668bb1dbc5f3e12a7130d3e0b85e49,7
010d4e983e73028374c311865672ecd0,7
b7d53baa0bc1ad5808b97e162a77100e,7
2a80a409f189171b1d3e36d7cff76323,7
d176a2b0c10cbeb7a9a5f0313fb21a84,7
3aea7e95dad6aa027f2a42cdd5b9523e,7
b758b5d46de0dc37084daa4c8ed0cea2,7
feee56afb0eab370207ccd35904d7d56,7
2f250d854b5c72b88b2ccaeef0f32950,7
3197b071ea7da68b6ca5afeb298a855a,7
002f0d0455b48ca523feb4420d5ced47,7
fbcffb8ca6ad659dcdcdefeca0c03555,7
d5c31c3db3da614f729449beee3632f8,7
054a2cc45ad3621cb01943ff4eb6bcd8,7
52c0b5f902b7151b57025a02c03afa57,7
473ea1285a5cf9a5e6583ab0173ca662,7
403249464d23cec148db28e6b943890a,7
0d1ca98468d96c59f076e7c489b69478,7
80c864f0d52006eccee1e82528d2af20,7
532bdc55522c4f44d3892aa17552bd29,7
a651911b79ad745e9af7f839c3e51c38,7
61b126b84da458ceb3f53ce34eaddf3f,7
df8a1d994a35e0b870f575f23ccd65bb,7
8e506c82b12c1294fdec48709a4b3bfb,7
4fdc937d64d08559ec3b995974c85e13,7
c6aa34764229107041029d30184389c5,7
703fee51326ab9af7bd4124cff787b1a,7
58d808eea3d34639a2e77df01d6d7ec0,7
3f0f9f6ef4b13d23e7a70836f2b40429,7
af8593af7d074cd6fffbcdef8e3687a9,7
fa5759d683ac0e635cb3ce703eedfe76,7
28f428764e87157df7075720058a2843,7
9a1d4322b015f66ba26d49868683bbf0,7
f88770c3104f092705320076c73be1f9,7
af9b984f104ee1389458300ffe264ec8,7
f323642b7c7c596cbdfa014562c080f9,7
dc775f728a0b29014cbbc0e1f8a49e84,7
0145e551a54233e34ff7a3c6c77d8004,7
6166dca61a7f41198d046c227269ee50,7
a0c1e7e4fb645f1cf3999b731533650f,7
d77165bd9909114ac475a850c92cd00c,7
470ab9aed9f6e4db211eb58eab1ef385,7
ed92c0aed6f7ce98ee2342cce9181194,7
ac96d36f115b35673218f80b6306a899,7
a17103a94f65d8aaae63071e2b0df172,7
731c4d334b731dcf9f7070f7ddcbef62,7
c55f46599a74bb8311c727202b883fda,7
ffa28fcd9b5ebab92ef6de786e957f0b,7
f1b73f7dc2bff20ecd40963858fc1e19,7
e54a73e0548827a786f2c12a04bfe06b,7
96b6c3b109cd2dffea04857621487830,7
ed42f93b163cb491c0c81280af7e1b19,7
886a598d15d5862945530566b32ca14d,7
b4a21eea89e5a3a602941aaf15a946d3,7
c4517097bfe9b281248a19a59720b3c8,7
c4395fcaf84381fae060b03a69c9316e,7
0e90e8c8b312c28775a8fdfe1253be15,7
4c5a990d1e869106e985c49d004cfa21,7
f1012929b3479762523f0231a9cfe635,7
6efb6628605d2b8f3b4d45abe7326c7f,7
c6454a941f772edf6148c770dceabc9e,7
b9b38403635f51843498872e4c50096b,7
e77df0282713ffa9654b6e88af761ce3,7
059674721031d58c5f514acbf0c5293f,7
9f010d119340c1eccea58c0a68991ec7,7
d04cec8873c705718d901c5cbb98453d,7
397d0fd018867be7259edeefc61c43fa,7
cc5b1c1cc8390f1eaea036e8fc83a803,7
a63f44ca3e8f4436c638c55b18f0c267,7
4ed9c3ecb10f4898b901e4138ad1c867,7
ab3f0d6a9f21012111db6729304356e1,7
4608275f081278b121c8e4888382544f,7
ae8a08493f0098fd43e3d21e728e1e96,7
b454e8d491be3cdfa607193b17fdbe1f,7
4461b1ea831ae39184ce6dcd98933ebd,7
03187a07686e7598100bf52d469b42b5,7
27b3bf70cf4adb3e3308b88035cbf1b3,7
dfab24ddcd764119c4ba8e38ebf8d3d3,7
e8576bc28f0a628f69d4473b0057458f,7
1def40c0960b88d7dc09cb4d30ad3e41,7
e4f9fb50b182bc978fffc17d91fc64e4,7
6b13820eed079f3e9c80e640da6b278a,7
af8f4c41805c5ffc8aec465a0fa79add,7
dcf3fa78c9a371a7717866aaebf30b7a,7
fbf20ee55e3f9f275b09c3ad3852f45d,7
3405b3266dae416d77af8a08d14f958e,7
4263852b9d348c699d7a13add5ac9d86,7
4dd2c4cf9c61f45fdd2d22ed338fdfa7,7
2c56d8fc07321651da37ebd83201e6ec,7
c8e3f6df66bdf42eb3704578e1e28747,7
ed989da5ee25ff34c9cc611e7ae37bd0,7
7f56260100d768bf22f5f6a2c6e17ab5,7
c3508cf8ee4d170b525ea6db01f982d3,7
950d6da77943079439d0cdbdfbc6d609,7
2632905ab8994575dab3da57ba6fde3b,7
51ebae9c74205a3ce89b08bd424633b8,7
86a2487e06e58b3c1c67a5b4da0f8153,7
b3e20ac05fbefd8cfeb812e98bc49600,7
6694ecfd7947f13cde29d69b44177620,7
51ef1e5f582b7664ba6729813a112389,7
5243e1ca17bc10e1fb8a9bf6ab051455,7
f83894b56a0dff3252058cb47897dc16,7
b2c9ffbcd73fbcaf7dd2ac1b5c610d54,7
98720d49bd4f49567ddcf89ebab188c8,7
9f1455fe4b6c6f060bf5c4c800c899e5,7
4543ed7c0c81ff784f82723a986164f8,7
d111a5b9177c8c8c3f2364b09c7aed5c,7
cb07914d1d7eb534e599db4ec49178d4,7
64b7eda9d7dd61c00f787e46b5c69d38,7
f3ada8380459f7fd675da36f602a1261,7
f559363576e8bc2071ac1ab5062d659f,7
9fd201824c0c503b99eb55070fa05264,7
51d5456a3c6e0d9c88d9bc2574e46292,7
4877da62441a59629244d5f97d618332,7
4952f135cc8b7b58afb5773fe17bc59e,7
76ce31b5419a7212516128889911196f,7
d15d62dae865ddf235c77477b98bbdd5,7
598c9ec7dfdb43faa86545cda7fc4690,7
40a84512a4c9b74e46b563cfb3d46031,7
00277a1ee4e67dbf9818db17eade1e0d,7
951b1e65460bfb714b04a16b2babad6b,7
d0873ebf2b23c3a17d670ec4d4fcff12,7
a4be2b981f83b767f385214353cc97ee,7
6ec0997d8ab44620ffe6921dae16a26a,7
74c8486d73ddd7f38990694ae9229474,7
cfb5971489fe8af1d688321432bbef2e,7
4431971df3aac9715a117c39947a237f,7
fd62fc598102aff36f7ed71a370fd827,7
830019e577390a7aafb535aeb32668e8,7
70d27066dcb5ac67d271b39e0c001741,7
5469df597b97fe3ea1ba45ec9ce05224,7
9618c321331ae90d5df0bc4b47989651,7
dddd67963cf36a09ac45c238718b10eb,7
600349e430715800eb43bd9779455f01,7
d42f51b3ed3c1a0c947d88defad6b265,7
d60a8dbe05df4b282741257b40a45024,7
90a958a5867ffddbaa18aaec5cdeaa8a,7
6a46eb3fb165d3f8fa0e61eea07c2056,7
740a1e53d23bd7368ce41bcc3d5adf20,7
22b689b4db831e3a7ed2cb78b29db8fe,7
e9b938a000dc893ce40e9e1e40af3508,7
5e21f72d3a9c5535b36bc82e7864b7dc,7
af4f524aef2af6f55a1304d259a349a3,7
771462e25977a8363c82b85fd6de706a,7
d620f4862f7f6900f7bd65984c783177,7
904ce6c2a577fdfa3acf8fa0cb55ec98,7
c67563926a473c83e34811947ba44eb2,7
b16765439e7e6460508c73dc7183a3ac,7
945e8e4725623d165b9e68972d5f8ee9,7
58c06342554166a51d6567d6c5954ac4,7
59d12ba04010cc1b286894e6514a5a8a,7
fe1b0bb6187d1d959f64f1320c3d102d,7
31413207503719eb58e4b26b649c4af6,7
97c2d8644ae22dad6a205aa6fa300cc5,7
83aa54059d1b38fae58f6d2163ba88bb,7
f80f4d82d8ff095b5c7fab8b251efaa6,7
c057d8af011ba58046206236a7a59619,7
fe5ebb8e8de4a35390db1feb05609e96,7
8ddb347d3615b6ae2f986aeb4905e78c,7
71792f29434d1e8064f11f63e0ff7d5b,7
34f6973bf05b02951d0eb874481cf07f,7
faf6599e62d0e3e2c8c289de70ead757,7
508394a8bf3f974bdf1337fbfd3966d7,7
28478d40a6181650977ff915baf1597e,7
edcf531dad3c22fc91550d6a9dcaa239,7
c699de66533ff5d7e96cf58bc022e4c0,7
d247b77b8303eb3d55384787456e29da,7
bd2a48692db2802bca037c30499ccd68,7
81a3f82ebfe14d3a07d592ab9256a1f0,7
8e51f4680a5a8b29c98ac7ef85df028e,7
2c25c01d4e1646bcebbbc25cd5923e2e,7
3acea7ed8b7fb54d35a3edb92b1e9706,7
b23ccd09f32a5b27f2659806b5e1b094,7
95f45058e16c5c7f9355a0e45ec5e05e,7
de7d1a78f58e055598ba50723f2aa12e,7
3920b9718fbd1fb59dadaaf6deda2b26,7
f3af5e9951f3bdb3350794b4ff224e2e,7
388ad544dde336d2b65bfe788380a82d,7
09e80774c78923167c3ff7f66672221c,7
a3061ac5cd373214029b8e816fa6e3ac,7
b9612807a2a095d6e8be4681f349e92e,7
464544496506418703e3ea32a5c8c978,7
d0ea3ac54c9252fc68513b7efb628324,7
718ae6a5e1a53362b51087f72e13ecbe,7
6767e3fe579bc36c33738edc972cb9ae,7
dff5f9c6b4fbfb8e27d785def8917594,7
447051e01378c779dfc2991951523792,7
9b513f8f990b24d4409bbc40e788d584,7
c2ff5653a7256cba7d0484116f8ea450,7
0eb93af238a3220236ac1e9f08abff3d,7
1f4c831707c6ccb52dcf618880203008,7
229b2c27fc414953298459d4927e33e9,7
70c2b622726aefcc5236f2f544a2684a,7
cc649f7b7f9771afd86f036534d04675,7
7b387a9bba6ccae79955bfd4b673939e,7
dfd19f9d9a9f270ba66835ee6cb56c9e,7
7d68319e7a1b4fcdef9d2af1f46f6b51,7
b8a3bc6e03ccd9a2e9f42097208bcb56,7
8f207e455246e21145613fb88d82b346,7
2b9677e6a33f1e48daabb39f5b242431,7
7f3a96370b5869462726b9369325a39a,7
1d52d3987ab1b0314fa7c0f029ecd1bd,7
95d6a6b153d50ee5c78d48d160a008dc,7
973fd0fe48a3735b1d9062bd6ac58418,7
4490974c5af5629e941f257019506897,7
5cbfeb68c7dd4dadf34963059ced072d,7
52ce796086fe4a905fdfecb4d578214f,7
19d8c0900283ce96d7adbbafe56226fa,7
e87a6416748fb0424b310203e5b456de,7
bb63ef14df29fc6c448cfe61dd1f4988,7
37f821b9e39cd14607a945cc17abb5d9,7
13f5809da097bb447151a8c93de9ff30,7
f0ab501f4c7af84edeb724841d3bc819,7
9f7f55607e7b35f4bb578808cbfea9d2,7
3f7dd10f07f2771625fd91702cc3de41,7
bacfb6157ab1c59319bb754d210e0092,7
3564247728fd6d58ccd20fb0c67fe235,7
338c9358030154b0dd0505fa4389014e,7
5cdc0649ac674dc0805177f9e9459744,7
e3b354786a3f24f6c5fae725b69b7a76,7
7b4dc13ce1e8516632428756dba50235,7
b12ee7508614733d928683ab28d148b8,7
d1aacb62c097d0d5e459b5d53c9a3528,7
aff6dae91c852cc723f9c3cb28062fe2,7
a7f0641a04a32f73156693b987326664,7
bb1a1c620bae15d450d64a3f68b32120,7
7da2a253f1822cd9b34add290e582e7a,7
c8125c33a5d41185c9ebcffe1d2b4249,7
292c4743d2f55fc06f6eb9ebccc451d6,7
6c39d58b801424bf85e765f4006cacfd,7
bebec19491b5b00630ae80ce49806cbb,7
f6bed79ce3b720487ca3d1f3caa6d6ad,7
f95fecbd24b93333f323a42d0ed732a6,7
87c17378561319b7fb80c9c1b556aab4,7
82d80f5d97cf27d2f0510a5399c539ff,7
9c3b659164c90fb9b1a0095481b829ec,7
efbdbd33e108103a853494dc4dd0e80a,7
9e54660ab3a0a85ab4e7fd65bb7e4b5e,7
7a41976ca581235e86c6be340a043195,7
c581b07e60aaf9e60fd13f27e58d718e,7
b0ae2ea917f495f457f5fc9bf5856541,7
7ac3f1176c03a3255e90b6993e6e8772,7
7337331e28c94827ff080a15467280ad,7
94b0a2de2f25bcc86da52ab7c5c4dad2,7
e2aa4621cb3ec8730a05d5561e9feaf7,7
53ecca4c9cd009ecbfd28deefd9f1ff7,7
f3ee965a509bef5fa8a3818b5ed5c92b,7
a503a0e59789875e4f2b579ef4891dee,7
cd6aed400eef7cc67a657e5930fc845f,7
1f8894fc3ec138d591ca117013a541a7,7
6fb7e3f9d68986932e89e3e3c0044108,7
75e28d3550d2aba65a223b7f245d5aa8,7
e91c3b6cdab5b02f19fe08e155c76ba8,7
f246d65b2a4d297523d96782d0a73ac9,7
590121d61f82fb7781d18c0f8ebe12a3,7
8a3afc2702db55577a2dfce108f3b19f,7
bfd6e59b9dc3f1cebde47f98b6f289ab,7
09b83425abd20b8c4560b6afd5e396b3,7
cd2dd0da851a74b8b48b0a2920b1ae21,7
947177606538d639179f1229a0b061ae,7
6cad7e8ae6e8f2ca50a8a28d7a9c33fb,7
fed5a5d0bed7237bc62e020dbac9abe2,7
8fde1f233153226f8f7b562bb71d34ea,7
4e72d818ecda5a1f8b0f3c64f5a3e31b,7
6309331e628ec4607cfb0abf8fbac346,7
a34af5ae7388eb51f92babf51fc819c1,7
433e38e50d7eec4c51291bbc254a9740,7
3fa83b306dfb766e70fc6e991038480f,7
33121f0c4b340c0e7c1bead0eec6b86c,7
af169e1eae62db8a453ac81c3140e70f,7
6484b401348add8f243732d838e4ea83,7
45f392d22f7cb958269c73d8e06ad050,7
e07933ccd3d0452c3e33e95237a55fe8,7
a15f5ed219be719dee18dead3c25facb,7
3364b58dfc1fcca02659ac6c76029f19,7
aba40f449a2546077d1f23d3a8b040ce,7
606641af09f7c4dd45f9adedc2fe8c94,7
55c6db3f0254d87036d38118b0060df3,7
296a2e276c1599c1ad508d9852e9f8a4,7
633eb0c22f6bd71d3e3a404d4cf03166,7
dc7801c2a0eea0f9c0d42ca385ad04f2,7
c8ee3eec4c953c002cfd6d7c70d3d95a,7
e56639a6ebcc613291fb7e1e2d9120f6,7
8d86245db02fadf28878a05ef1e7cc61,7
f0fe380d994c509fd3e66e2f85cd49cb,7
8abd39dbbc9fee32953a9673eda2b9f9,7
aaee241e496144057085413b8ae24c75,7
9a0222053f82a7ab944c336af1934d0a,7
cf3091cff05f522ae6fe88bea006d5ba,7
cbdad3093e81c13f23f99d5113cf1e23,7
58b40ff55ae86f027357581c0f402d68,7
9e116da6d7ed5a2f99a56417233a2613,7
f381b69a8a50e0dcb48a443c66ad85e9,7
52caeb07660f4f220b5f9b77fead2604,7
436e783b877cf19f09eb9d81dbcbbdde,7
6646f9a9703ee55cdfe8fd6b1aa3ab75,7
03d6ca7fb00fca77a0e58d05d342e0e9,7
e612a118db9d7d6ea6c359df06accd5e,7
b5fda78a896ba9154eee5473c216a46f,7
fd229c0486fdf26311f8a23d74d50e99,7
e7da2c75f65b7b9375d9d8e58207d76a,7
c7eb95b3c079edeba257ab464b2dc948,7
ad3c2844a9fcab966eb3ca9a48e0ec9b,7
ebf37d0cfb287a2ada9c5d2a2c8f5e7d,7
212c22ca7424cc7201adaff2f958d574,7
9ddf27c899b8cda82b32c6bbda0cbebd,7
33125e5c7488988c6e4e5f933e6ede5f,7
0697b8528c6291dc8a413186944b04a9,7
d5cbd52184297492ce67dda1dd9f2350,7
7ff1ddb6e64d4f5460594b0fa041aa10,7
f63a53436adec64ffe54fbaf39aebcb7,7
bc0faba460330ca4391309d17b321d4a,7
01cc0df58b1fc073d2a1882c4acec6ca,7
9d414d4b737f36047b405befe35ba7a1,7
107f361a9e4e8c07e338226358a45478,7
94ba34df9693b6d4682ce4d36e01ff27,7
f1625c2251352fdc7f39092531455af9,7
7791ae90d0c703d2266e51a56307cda9,7
a0a0c08f8dac251ee6735ed3ca1f6c93,7
ef6ecec9176790d8735de905c8eb63ad,7
ffa54e7d398f3f064974ea886c78f773,7
0ffffaf35f778b0ff5d87d742c5e8c49,7
a07169d4a9b6f13f0bd1fe3c2ffce0e4,7
6707ea3cf9212894047b1031c6f2c549,7
4395eb2b2132a5a1897fa36b71692231,7
fc43a3601c996094809b14c73bab8d8f,7
825c931f8ff01d2f123ed9f244e0ae67,7
35016cb7d8e6d58b0698cde00fc35ae3,7
cd8b5851240dd4ff06715a945b85dd19,7
fe30b3f36813882b04653a21c616b6a0,7
9e65f3b46672c2263631ed0b2b464a1c,7
441c4d0669dde900ebd134f5624e4252,7
94e138ebb5edb523c6a8158565c191b2,7
661e09a39eb92e1d8425f1afad72cabb,7
729e16ae0e0d8f363a40cfc4a84fcc47,7
1fbbbbacb8cf4a54e5ab41d801871342,7
ec4533fdb5bbccef840ce313b999ce46,7
09935ab4bb1df5c2d4c6102a6b840b0d,7
f4af08cd9feb69bc6d1a25a4ac726baf,7
064f4c834bba1223a7b1e0e3aff3d4b4,7
d5136def7c89b70897c979c71b77f6fd,7
1ca0e08465a0f0d09301241457e9374e,7
3d1873cacc85db5b0a76ff62f4b90a35,7
d81e524b8080580b151a2598d1442e2d,7
9c242d071983d7c6aef9cfaba5c471ee,7
86532a96ee7afa3ce19694c0506f38b1,7
93d6b0ba2e7ecd3c87a5c6c926eea03a,7
98d71f845427fd7ee93751b1c8e2c3c7,7
09fb46f7f3dc8d8cf19316922ebf0573,7
130fc944e89cc9913b6a2918b980b27f,7
337c3dfb06783df0cd59946bbb121d41,7
c81fa7140162b60b4818a3fd7b62b69c,7
6f5ded5d3e4ae0636de1b9a79bc22e74,7
c30ff67ccba92784eb6dc7cc885cac04,7
2b970de4e8d464d419334ec56a52ddf9,7
29f88c74d99177b5910d2348e17afb99,7
10459bc783bef6151b06a166f3b7efe0,7
b1ec683bbe2634c0edf60ca8ccc266bb,7
d22e28ec8d869dec906ad8401c682bb2,7
098a04691254b4d2dd1e47a5c9d1a01d,7
c199fc09781b44775c8fd480c7ba03eb,7
001d165e5483c3539017862814f8aa22,7
441996e15346f31b4df4fa459ef6f578,7
9c093b4396fd1a7bbff88d57708e1cc7,7
64ffbfae78ad44e4514bd958e619b541,7
5ff8942da875669cae6477de4175dc20,7
fc3f6bb631ee954236924cfa07f967dc,7
a6917e0a874ea719277e1642a3733e75,7
fde519b6612d3a98b43d43c5b76da976,7
3eee40b9ad38fcdecdde1ac0e2113311,7
23cbee91908bc77688ceabe026b1f620,7
356c5781d4d52b7d1f1b85b99d088780,7
ed847c6ecd1d8e69c81ac6b13d4592af,7
929d8f0821e48841e5bc7c25ba86f6d4,7
31acc4684a4294fc24ef94677a53cf8b,7
7dedc02fd32e4cb5e80409316731324f,7
dbd0e093319e880bcd5f0663a4f73893,7
b1a2fbb30d763f367fa6155ee05ef04c,7
9cbf6044cea2752101628b56ac20300f,7
e6b1e7836e326d477793c549ce237871,7
045c753b93506ea41e9f44f0954d2794,7
db7e8b1a009d03cd86f58737c07ccc91,7
704f0110c1c907830a00128e7ed5628f,7
9b2197d314483a46c4dfc3df52c98eae,7
a9ede608d4be1356c11e38b19eb9b43f,7
e668e7eeadfb8706465142647d6d4f2c,7
35d5a2e495c2209179590fc0d4dbec19,7
3fc7696f78501bc5140a40617e5d8180,7
9ab7e11b617ec4b897a8d49b7b0aa87b,7
adc70384da48a2231a6a2561c29863af,7
95723718985ed797d114fed6fab6a5da,7
6260f5bed1afabc74eea1c8d8c3d5ce9,7
87cef124b46ac6303bf5ec60e35e847b,7
89014a257ba115efe502ab21322032c0,7
037d5189fe96e9f3d6d8d886451f50f6,7
a51a31335494a00a4f798c0f5b28dd2a,7
7aee29ba76d71adc4e456753ddd1bc21,7
0578df4bd387eab6c930208cad120c52,7
3bfb22683d69fce39261a20722fd2a18,7
95229f4074b392c235c5642aaf7df722,7
6a3fdaacee6fecf862fd2727f157856d,7
ae2059ababd9329f446d4220dabccdce,7
f2d14f74102322d892a78bbf4301f77a,7
dc26e6f276425a817af1e22d3811ae86,7
2b373d7262aeac8efa3a1baae146d7e1,7
c7d4df3067d4791a306256bf537834b8,7
1bfb67d919c44e174291b8461b02b4cc,7
7647569c69ca989e11332dc1647f94ce,7
b7372261a700cd0cb86e55c9097b5695,7
8da4caa32ff50d22e0e14ab06ef0250c,7
3bd5fca5f7e597de9984e6eec0d30d40,7
d14ed0542bc63c9e6159f211a611eb7d,7
3150f030b2b79c45be64c20ab8494dae,7
c1b14086cddb63fe0cfc0498f55ce615,7
86636d2af86e652c31f8424a9db722bf,7
a3c7a88b9126f89f49eecbbdc91cdc87,7
21e1deb8fa034e35432b95ee2e04f3db,7
37f84f734c40a5db9489ecb86ffbb712,7
9267dd64807649139a0c546498a566be,7
cafa61dc1e682a46f243e1ca48decb15,7
4c575c215bbc334ab7b3fe8e44b0ed43,7
75684e0faf7743c8026612eddd119ddd,7
8a17b411709e8cad628916c6b07c5548,7
7d8cfb9178c49052c0c10b15991abb25,7
c401144e392aba7e62aa79b2823f2bfb,7
36915c10cdeb6b04683aff5603b7606c,7
8db28b5db87951c577778e1fc0847366,7
ec505b9ac6aef77ae002ecf420b58c10,7
5b31fb4542c90e55c961c27b9186c24c,7
d803896dc223d18c4869c82c784900fc,7
1490dd4733c625bfb96035fcc4acbb92,7
42eeb4f7d8a634f77eea50e1d4beb16b,7
ecfd64009758c5311ac5ba3f6740f98d,7
c5bd452bacc0f8a420e9b1bdb62e928d,7
31b9df5fa6c4b08a4092203ac51cc311,7
04b9beaeef2b28c5a3ce8ddbc959bb48,7
18fcea02bef5da59452dbca7daaa6b7d,7
8c1b9950487c06f4e58ce865add2a7b2,7
c1bdbfc0dd4c54136889ab0837e2e923,7
89ebccb91361fb345f35a8c78aa5b0f4,7
114a1979cc1b94dac0aaf007ef5c2e67,7
9121bf50ba2a784a921576d39ff84517,7
a807ebe15510306c7cc71d1e198d1d09,7
3abacd0e09df224c873bd8e965779fa5,7
a39957615075cf7ba26ba602300eb3c4,7
f1338e6f3d90cd6a15365c1c155d49dd,7
2943de4c5b4d7e70cf69aa1fc1d694e1,7
abcbf447f6d7c57943ab6328926f258f,7
b027038ec1b01dd943bfdb697ce97346,7
48c799208143d2b611f168641c8bfccb,7
aa93ff649e4092ac71b1ef62a64582a8,7
28e3651956113039b81e0ce3363e143f,7
ad6fa6f462631fec440be982e748e5d4,7
65bf0838475bd3c4e7dc270f2ddd9540,7
c20c96639ef19629794d16f7ffaafbac,7
a0233ae9fa0db2fa06b4ea0b62d87080,7
63521642ccbd45bcad5b43152671d422,7
9c3fcaab3e8304fdd4476424de483522,7
e4a69db5928a00d3550311ab508596ba,7
5543e0443bcfd15cc19b745034bee0ba,7
cdf26ac05f18ba3d42c9eea7a0dbb8e6,7
a4265f21e55d818d9c968a45d160c767,7
c84e6178135a7b7b07c8be46e3e3d835,7
7f67ff79f601b8f8b51df52d8ca54733,7
f1bcd675f2dae5d082d5492fbc1fa3cb,7
399526fab7d6efd7e19aafeb1bc85107,7
33077c769ab5372b153f332cf92f5b2c,7
dba63591c6cc5ffb4b599e30f68d1395,7
6596f818358607ea647264909d347ced,7
0a3fecbbb0d6e365e6fb390e27b781bc,7
2a89aa7f0867f2d9c3785b7c40daeb31,7
ce2727c45e8565c0468bc68c3a56c8f7,7
7fab563e67b6030daa0b97c568cfa754,7
f19430ec08a4384b4083f90f31dd04a1,7
5bc51da1f510f7a82437ad0e676f9734,7
3effe7071eb183b026971f1a0ca050ab,7
a79333f02813c96b8c41d2640ac505b7,7
c8c17873450acedaf41ae33c022779ba,7
e3773ea24efe2e94e560ce9e06939c36,7
9b8ac261747992099e4cec3b70b67cf1,7
a0af37f00ae5a740a98a6f855af4ae49,7
545d6fe6035eed22e4cdf32338a75c78,7
1de3ee4acabf701b025e19cc89634a41,7
e819c534f2ad31afffd9be5f8395fa70,7
79bf43fab5aa43063de5cca6d4249378,7
3532d66810b5ec44d5afc97b0ee92a8a,7
d21c010369e8da2670fca094623f8e1e,7
108b3aad1c387a6337ff7ed33baea826,7
d33f9b4298bb337a945a0ddb6ad8c111,7
43276fdab10e719f8f29c2ebaec6724b,7
f3bf116e142a7348844f079f744f0583,7
87ead67ac3112fb2146eced996a22520,7
fb86f8ebfd08dcf12f867cc703bf6794,7
4ab4a79ae81a3ffa248352c42b37cffd,7
c92869cff71cb806a852b7deb43afc77,7
2bfb99de296b9cab9cd2d58a5756e6b1,7
6b41067186ad63cc5b9f596b954cfb95,7
88f3bbeef0e2df8d75a4259e5baef6d4,7
d45d25aace65f03c6787f410d7d31d58,7
af4c0fbb27578bd93939957ac004b430,7
729211adc0079b09e02913c8cc176177,7
90309cf9cf8407338721d90cb2456785,7
3bd2f3e40610085bd1550e90a8ca8955,7
b50c81df4b32415fde4caaf32b9cd805,7
11e6a7478c9c6d52e07b4f63dd1c54c4,7
eebd3bc73c5be7c12ca6625299f809cd,7
de5f05487f4427e00e44459de5ca320c,7
5857a48cc172ab21c672ed5dc9abb22b,7
ce5fe211ff36fd23431bfacd7462678b,7
755bfa986b032c6568599e90fed4ea9a,7
1c1fcd12c3aab8cc4cd0a6adfeca9cca,7
cfe10973590160b21962b2c96a068dbf,7
040f88a2ceefc2eff709a5250d1df962,7
80adb7a7de8c8e614da092debafd7e5b,7
b41df401f9d20a2f2db400f26d73625c,7
41117f2db3be244bbf3bde0173e89967,7
e3159b186fc7127b93d30792034d20e7,7
3f19856edfce01ec7c3a6304b5a4a39d,7
a3c5424f66cce88a48a71f17379b71f2,7
7acffedca8141eb33503e66b88fefdb9,7
46d509136f0f54e13e149f6d8551c791,7
49432f01a9bd7dc49ef4e952aac2c253,7
a5bdb5cd7cb0680647405100d4b6f6fd,7
a3b988a8e872084563e7e93a793cb3b1,7
c292b59b058926aeb1c80457fa12e8b1,7
42116773393259bd8d98cb8515412fc3,7
0a4fd84ae9e78a41a60fc6374b8cac92,7
e5a769a3915dbff2604a9197270c8d85,7
54ae1f8c9c65dd1e6f39d1373b99d638,7
a634e09406c09f984f76777e523e4b5d,7
f58640f9e4adf9698f842cf94127f2fd,7
b5884369abb4e414e4ff04aa8f1ad2f4,7
3592e0eaad62068d3d51b1505efc6d9d,7
e00371bfc74006848a309e7f205990cf,7
d27e4118e341b06ff7329ce1f4c1ee7f,7
9f9a62485daf4f9d4145f414a5e16317,7
06119aba1e8096a3f5d1b5622c040f17,7
9d1889fa33b868ea701f09b7e0be40d9,7
2bc77e7cd4b0e805c7ea8e2e8d6d3bbd,7
5e1fa763e25e46ac35986bb70d14e7b0,7
5fbfab1fcfc3a84cc6bd1361d8d62d79,7
dc3b623c098350f4624a1d72450ef196,7
3b08e968069e448f2f2d187649ad0ded,7
6f2bb86b9531743ff089a27c55089ea3,7
0edbb5b87b9559de86f8b1f90a984585,7
de5491302b3df1a7eccf989ebdbf555f,7
c81d692e5dd38e5a776e3c43b47238f2,7
42fb93fc8b63ebf7b9417a0ad5b2e805,7
f091764dc27ef213fef6b14978c858b8,7
385747842b9f3374f48a5d9fd1b7c6a0,7
2670a8a750be8a36439c537ea55d9653,7
5b53cae9acd8173be704b4e1ed71e4e6,7
4afdaddd105edf574e4438b5372b5808,7
ffe59b32fa2fdf13702363c5e0d52a75,7
72e984f632f111791f40f1f315d5d9e2,7
86d0851616d0da426c3202a9bcd402ae,7
5315f8ca4876b8f502356d1c88a5a8d7,7
ae5f0b32693029084df69c16fee01ff1,7
ae28c7423b72610fe7bacf6dec328ec2,7
31cd872917a493346e10f7ed5e3da80e,7
40895c90065952a8d6020ab86bde7109,7
b89cd3f5e107436c74e3de2f2ca2ea1c,7
b4eb7d3fc310ed72976e9a28db495753,7
9ea463dfc79b01fc3be01937b83673d1,7
73803962f0368661ec4c3f30828a5066,7
444e67fc94bfe93102cdde7fda21ed5d,7
b26e3216d47c7f24e9ba4b9a4affa001,7
e321274a43d9f94f12c66db566a2046f,7
4ae0ce61f94afe0157151540443d3240,7
95234b17220ebca0e284eb6751bf1539,7
76b3859ea7dff934692b655edd0f1e33,7
f0c7c906293b8556fc43f02c7a49d206,7
31ea68d1ee5fbb3aa427b9e87e814daf,7
2a824b3b6c071f192f7f0849dc7e6458,7
277e8ac61c3e1042c82646cb8eb8d4b4,7
e1bf36c9af7931d843bd43db8ba76de3,7
18d1d1e78cce4606f776ea59dc12e3c0,7
9d2fbb2f8a8d7be301427dfeb68c5b1a,7
77718106ff2d57c67c287547e71a4917,7
0f92999f08146f8071cbab80e19d987d,7
ccacce4f4d4a054d49855199b85ae6da,7
9806841de4c9acf5d5799c013ddef0d3,7
c9595e8503c2d0b74278fec805128b64,7
091c40787c197b06f570db9672bc3d6b,7
b28ae55544ceb1875ce212f6bf1b863c,7
3e06893be5e783d5b69c11b1c7d5d219,7
b4f87ba4754df2f4648d0905c240b7ba,7
92617bb40f817ef741e86a1c9a52e1b1,7
52f7d04e777b5e341ca3223a9abe0d04,7
c244937619ee2c9aad5de82857208338,7
021a6ab2bb06eb432d9a800333eb2cad,7
cb607637834b7ef6b687dcdb21f722bc,7
cc74a05ab52bbf6149475172ae37faeb,7
d601891a7e297b42ffd99e4fae699a12,7
de306c564ac5cf20f574fd16f7149d5c,7
b47c70b82bfcbcd815ffa0595965dfab,7
d2260c1c9c4482424630a20e01d7f87e,7
6cc158a115c9d182ddd3cc432bd62c9b,7
a0529f0a0a185dfad45385fab6c7877c,7
c26bf7e8021eaf376523c4973427f61c,7
72e3a423e06133c6064f53e44a147e9f,7
83b856ff2de43944869f2bb26d99c168,7
50327b79279f7d111ae0a986cfb83036,7
4ef5db5f41a6fc1e39e0bad4907887ce,7
e13489ce2c11d6d6136080d8395a8921,7
08b34f838c71f0e0e5fc3aed7477e05f,7
fd413b0cf00f1ea7c9d2ea29fe981faa,7
4a5b5dee089cdafbbe1792ccee9a48c0,7
03b27be36d0c99f9965aa73ef6818f9c,7
6b06b6d5ae8d4d20e652f590bc20b58f,7
698c2b4570dd9d16ad82b46ce2e91a89,7
a08f4c74c058a082ae000f8362938311,7
562af1db21984871761966ba01c2a173,7
361bb30424c18daa7c9c5a47d0609228,7
45beef3e1a9fa2832b015ac9875b7a28,7
b48b105f012ef12f574919932d742032,7
4bb080a0447d34b8704cc649538609d4,7
23b5dfe8baa0eb649a280d53aeaef04e,7
0cd40684b3d24c81dfcd30b71ce9af5f,7
9cfc50d020246033c670339f15b00669,7
4bd59b091fd1446f379d7114930f76ca,7
8214cd817f8cfec8162d1beeac56a80c,7
be56ac164745524292969db5e19a5085,7
a53773c3780224bb584327fb24249c75,7
374cff084474ef6db48dc5ae397b303f,7
2f88538263b87e58967d7fb771fc308c,7
9a7f8bcb88d7ae50de5970dce877a364,7
151a907335e34f6dc3f112801401937d,7
28cbff1731d0920fadf7e6f3174c9c40,7
3bebef11a7509684a92f65dc16e5a995,7
40396f3ebe37bbe201f444d54fc2bc06,7
78c79804586e589d7e7a75d1e47f4134,7
564905a73e705446116412586311b056,7
9eebdc4d44352629542c494e46a2598e,7
b93ea3cd1be5b97fbfee4db09f054096,7
6da32ffcc52f4a252c1702cc2ca0b772,7
dac210efc9193c964d1484b612aad131,7
455aff8063b57dc1d5b1118431258fe5,7
ae95d67452f1cec99e034eabe39fb1e2,7
885ff8ab11c2b73a9df5b97443809c63,7
277284554f9279ac9902c2a0fb9707b9,7
722aa67806d4e3e3ac64be210575948b,7
0cd7e9811fcbf920b5f58106432f4118,7
92ad9e79b4e2b93aa4a1c9ce37dc9d2c,7
5f64ab85aca50c3864882e40fef3fee4,7
342e282db3b8f01d349298694b5732db,7
1a3470a66bab25d7ef2e11fa63c4901d,7
120ae6c4ece81e38a1c7986880c3b0c4,7
91cbdf9be281b48ace08ba956da8a62d,7
442e47e78bfa48ac91b6ae0f09b68152,7
a4c09f9e26b676cef6d049ae5282ab89,7
d9ee879f6690c30444b0ec2b2811e9d7,7
2ab97c4ee36d1a0f68a41ab7fe5927f4,7
002d2d1057e6fc3251e027749ad6115a,7
78231030536d27d695e87e479beaf840,7
21545bf25052e95caaa7daaa25aff953,7
8078f449551d59b499cc04a1807f2c46,7
8c45a9ceffe75cc78a0a9633f4cf288a,7
0aa5e64def3bf13d8912a6343218cfed,7
b40ecd9edcee4e6680a137db70b98c51,7
2254e0389ba6d5e039fa94dbe8f325c1,7
4992f45f74919b30ae5d5cf1c074bad5,7
d54dad44e3e985790aa68cc0254d7e06,7
2e00875237da15f4f349dcd71b402393,7
41da8ec3f0d24259413182a29718053b,7
4713819feada8b5bd255648a0a9c121b,7
d00bbf0b6ee14d863f13cf89b5544f5d,7
82d2c1fb26cc1a67e54b559fcfe1326b,7
6dd1e5037cea01f5edc1d1cbd0deeee6,7
4eecda3478dfdc40beb56c281fd2265a,7
55e899ada61120d8bd3942797481dfc3,7
7ea05969e39edc1b260ae637bbfa3ff2,7
cd9eaeadac3ed4bfdd55aa219d75aa4f,7
4a3374221680268f061df63b6221e216,7
c333d51bf64308853bf0ce4a79572287,7
220ab8f959dd4eb020771c0eaa8a2a53,7
a4c0e1dcef67b881afacc979d7a75d6c,7
a9d68a082ce81fd3f05662609a11ee4b,7
0b2f33b6680407eb21fb48bc2c9fb35f,7
5870f11822fbfcb8c21a7139338f3e2b,7
d290ac5e89ec5ba8d11b583b5503df0e,7
772f4c89f0cd0a263a1e1ac51703c754,7
004cccdfe88dcdc32a93ceb727248f06,7
d9c41856f915e2cc23efd04048d09647,7
bf37fb160c08bede5a8ab7ae7c6f2490,7
d674fb3bbc4619c4d847d10b69b08b2e,7
c943a819d79b18233239b267b297b41b,7
f7bb12c1db7742350af6cf21ee0d5a7e,7
6af8283a2538fb2a1ef774a0c4bff1f2,7
8abfd4689184c70530b3fc688f952cdb,7
06a36e7e45d54a2bc37d40beff134fc4,7
561a634a41b4771f514bd4f67d059977,7
f54dbd79da3b9b5054871f17774b4cae,7
e02523676286d996c052e5d7907fde13,7
0f7fba20e2edd6595cb2c7713aeabb3b,7
f547457443a254e60dcb1ddf79801148,7
cf1ab052b62b81e5c37b4549bf0ea092,7
b9b3dfdeef3ce429575d1b65b1536bcb,7
53dc839b9609f9418a4769212ff20e6f,7
37c020bd60063abcd972cd8b8eedb64d,7
3336d819031aef89d052bf893d77f459,7
b286e04dbc3377d43127c28b90553e11,7
96e193f8bf6fbca2161010504054abe6,7
3c33e2e14c6e4228ce4a7003e4740c36,7
828d614424ab1889822ac8da804e9202,7
7ec3360cc3da4d215a3dc7a13507cd5b,7
4aac820932776e6a239949bade4a300d,7
401c34c240cf88c9ce86cf41ab94e68d,7
b8cd3bb02e8d00c8cb1ab1fc0f24da0c,7
db06b8d0c7e750efaa43c0c81bc7087d,7
485d00cae8449df9092d007e8b9d6c96,7
653a4fc9995e73483d4d4f8408ccd34a,7
d9af3bdde306aa3654b8df0424519f2a,7
434fb7b3b50cebd63d21e6906d404b60,7
ecb06f68ba28aa176f013c2a565e74de,7
53bb74994f84d8f329501fd4b4a492e7,7
046421a59c0f5d177c05453e6d1a30c2,7
fee19f85488b2d6f136cdd3f7c26e93e,7
7f85086a1d2463623d62e54b59dc097f,7
4f2d18fbaac03d2a41baf1707d6bffec,7
34e2b35806b8f590b18016737ecea2c3,7
7fa669a1def0eb9e137895078666f1e1,7
e524d1d1ca03742c67cd3c714869844f,7
6b3bb205f218713621596f9f8f27e4b8,7
289fbf891c895ec70d6756033198b60d,7
492a587bc59522d5e3fe45278422e060,7
0892fa1544c10d13a6f235a14f06f438,7
e7fee9b0e625ab65bef122f782776a25,7
b88050a2d47f5a8a3f63bc6baf29ee7b,7
3ebced6141e1b95479b5676239323c3f,7
7b50ee9cb8d92119cb436ddb89997d63,7
6a35835a1e1971819ed8755526ff3331,7
7662b0c67b5a9f4671266e1f774a0779,7
a69f6b994c5df7686bcd2ae4feec1bcb,7
7c1ddb4b5e92a9d6152c7eb49da75c24,7
f211968aef4f3909c2b8b234db372425,7
4a326c4dc3811e8af0c5a7810a6b44a4,7
48dabe865a449f2ce95798eb40ebbb59,7
bd4163e2fee7d35797fbb48f5f42622f,7
078c622e70e9ad0672178e279d86dd1a,7
bf14538acf3159023ab672661acc8244,7
53016a7420a1d1b8054a5cbb7f128a25,7
3d3eec87f95885b7cdbd4aa2c422358f,7
62455cf479c87a68bb3b848bd31f5818,7
3b3569176a195d2082e7872ca4f1f799,7
9bd6a203415041d5d2a4db1f74b1dfc2,7
1d8341cd0d2333d7a26a66d821b6c57d,7
de16b21c24fb28eb5998e93144dedc95,7
9f0c40fe3269b4a1371080161a666439,7
cbb673155a828124bc7f6cd77fe2d9e1,7
b124550a59501c09fe520e088e48ed1e,7
6e18beb79b28f21433c150d393e104ab,7
baee9401394fb85c4aea96bde8414ce5,7
19654fb71166ee4a7a236df35bb3b216,7
2da8a4315fc5ca234d03caa86886ce85,7
44377ebf8c0327aa5c844a210c2587ee,7
28830f6d7187a598bdadeada55d686ae,7
891ad54c34acf1d5c112f160ab588970,7
5ac06581883e5a51f96ba138cb8ce05e,7
29ba3b659871ce82614896b72670e8c8,7
7ad638a33d8672e597952e0aefe17633,7
c1fc23c0412d8594dd09dfe639df179b,7
578f8ecd8b0da7d1b5429b83d5bfcada,7
6cbd97476f261c77dd3e5499618bd818,7
57a1af9bd65d3992f64fe4b7c1390806,7
0588620614d718be4cfb13e0f83732e8,7
5fdff4f03e074e814a5940bd0af003b7,7
f15be59a4c3a51fff5eded9781f6f82d,7
2c443ddaac545e112dbfe87e714994fb,7
3a27f6121e5580d7902e9106b74801f3,7
a871759f87d8ac4a0672bac9657999c8,7
26154d59e3b5dc3d3fa7362f25ece480,7
a16e219fdc2199d73073a5c025c84fce,7
ca2548a4a27449e5b2b0cf327d75914d,7
8f09b54c67076a1f752ec9039a8bcfb8,7
9021deddaf865747cf9680d51dc7a808,7
52094385d1630ef0080ee7f9936859d4,7
52ce625bc770b292b25a25f540192f66,7
41216af9353fc3875d2a66d9a816955b,7
91d8faeb26fff7a4c45e57a4530d1d2e,7
18ee3163a1c3bf6e3772dc3a3e174663,7
2ab81f5fc28481fd3f1701fb58ab9593,7
1a54f40990a262fdf312769874bc053d,7
62a692c413da8dc020bad4d9e3064b76,7
8c3b690e78b680e0de9e4088ab23eefd,7
80b557aba710f09c3c11c506c06aeb60,7
71f1864f1240c39c89a718174bd8479a,7
f9ae2970bc8c8a1d97b170a97f669ba5,7
ff469c3ca8fa760a91ae642d7e2af464,7
0f2854c68c056e554c4286fb8d14b8da,7
aaaa8540989f8505183f8c26d7b8238d,7
2546dded8ec707d1347da5233665634e,7
f9c08b58880895247d74c925e417b227,7
9f52d20d4867c0845702aef682f647b2,7
89b861a805e2ef497daab25a28115d8d,7
ce1758900d04386f14e03b66a61cfb14,7
00382023e2a9edfd211619d4dcadbdeb,7
bb64a86c32c765d9a02a5799a0760e05,7
27cd886dd0b622f0915420dc8560c154,7
5ca9696e88acac7515596d119e8d3bd0,7
02844281e5a33e11bd12066c15da6cc2,7
a378684c775d462ff658bd415f59fb02,7
f3ac6e84619d48f96dca78382f003eab,7
0cb9502ab20ff66e20b16ff5ed744367,7
7ef131784c06612068b46f2eb922ab25,7
d1617ce9100124a51497d54224e5ac26,7
6374c2754f8b636403d2f09eb63e68f5,7
6166128d51b4c3b7a5ac2cc59567dacd,7
bf76f6fc430700b59ffc288b289d4b72,7
16b84e735c36e9eb0753fc3b0950bd28,7
d356de486a382e46af543b4c4214292b,7
b1fb161f39227219f930f9fb9b2b96cd,7
454a70236f390b1b9e360873d975cfd7,7
6351a9a8f555dc3829255c2e0caf521f,7
8b86f17e792bc98a1584b025ef7bd819,7
62467fe77d006432cd24ff63ca7fa462,7
e828508f0f891a58946f0c4b2ed6e244,7
7ac47140bd31716e8385240612d23a62,7
48e7d070b93dc4cb0ba57805f2550866,7
d90c936c9ae2db350e7c19bfd8c54fd9,7
9405d067622c6704d0b155b356220a61,7
dafa3af8abb9ef0176c5465de1a7b64e,7
50938bff5b85be1ed52de262ae7e5a08,7
cee4867c22f6fb29c2e3c561356145a6,7
1ff250a6e9f9d1f16ae807acba567c83,7
2a8f57e613b4416026c921cdef111253,7
0b971be37cf47aadc15c8ec5f553bd80,7
9075e0d6d8c91ad1bb976afa38d2a1d1,7
1c8c93affe046b6d38b22531e505bc5f,7
fd1f72be826acfc3b88b08b4e2f5920a,7
01b8cee6afcda0d5d67957f9f588e693,7
f0c27db51fc7af8eec1c355cabf71047,7
858671639d7b22bf81ad8ace02ec0cce,7
03803d996cc1513776fa8334a0a399eb,7
fa0d1394822bd2c42442dadf09e65c58,7
905ffe80c6597217403741eeb25063f1,7
a9488d48fb51d34ceea0a6de7a41921c,7
388999f600f062af1271134cb5a08599,7
a29a5764e6d7dec0d1f5f5ae28e135f3,7
44acde3aacfa5cac42672a876703d456,7
de1d2395fbfe2f22381ba761f8c1ba47,7
406a2f5d73bbd23d950dac46e50640cc,7
acad661a489f03e7f5e30cf71f955d6f,7
c985a89a8c920e778ac266e12c1b3bfe,7
24a8238962479144e64416f3eced9b42,7
2e7e28bb25ff233942024f7c1e3adc0c,7
e4db891b474c9e470c15a7326fddfdb2,7
c87ccc842afb69788f2f771799fe65d7,7
1fbf82c2698e560c9d8408a538ca2a35,7
fffa067b47fb2961bba39d7edadeb794,7
6a4e146d0238add3ab74d931cb5fe453,7
64cea05c3b00b35b93ef8cfd9fe3c106,7
a3a5693b3c331b75c43e450c8e2b4914,7
3937b2fb38d2f0b5e9eb83200ef15339,7
a712ec0c858858d3470a9ee8224a0b28,7
8a17723391b23cda4aa5fc887db319d0,7
1ff1973e63b68190ba7bd3eb30c05b66,7
e467b2914db167dd16145788afe30d9a,7
43725bcfbbf54acab3a42dc85fa2f840,7
a79be403ecde2c40ced45f3bc58d6941,7
04b7383aac9cf50a37a8a065fd78484c,7
5b4c3ab8c4f4b625cee0bbc409f94565,7
aeedc3e683a118055093a76726928354,7
4d6ac885213d7b11543d595aaa2a6a7a,7
2b3130c1776656d2ba7fa66e6073160b,7
70df4364f49aa36d2f10bc00e3ff2fbd,7
8a2c6a233c5bf8d92f0dbc0a55cc2144,7
78339e007570922c74ff5917f18d7e88,7
87ab2d5cb62914ff4b02f0226d1b54e8,7
af81045652c411a0f4f1ac8810226c33,7
f62d99f595ebc807bc9f8bb350803f6e,7
b087c5006a784b065427e3c565182727,7
c17cc666b0c78da0e25ba560af7a51e1,7
88af231fc8fcc17ce1f3ff2b028a2611,7
91b483f832732c2c4e839138040dd548,7
efd33792a705359f5603fc55d86b0524,7
b82f661fe476dcbb98b50f4ac3c69f34,7
292d50ab84142cb676cd8bf1890b9988,7
2c11eaa7101faf986bb631ba46273225,7
826df6be04f54d4db814c7f54ab3619b,7
b035279a4ba122e90c4e53f56d29646c,7
b8d5bca63b564f8ba3a235e06194ac6b,7
8558c019fe0a9a1f3cffd4a4dad73e3c,7
19f4b9bcd8e870ed203f12b523ae76de,7
2574a21c2a1e6e63cd6077456db09c09,7
a6526330c9a7c8fe7c0ffc95f7dcaef2,7
5123b2df89a14828471c571ac20d7c7c,7
6e65d531bf83db9786a3a3882616a77a,7
a516dc4a5a1b59fe438a3cd1daab6d2e,7
e7ebc6c5d17589210344c4926171fc8e,7
f884eff05399fd4a8a6db35bf2ea8eb5,7
a6f045deaf3749bc92d807d055ad74d8,7
14d04626de3f634c16537de864ae4bc6,7
3506b0299fe6428738ee30fa3420ebb4,7
c6e65e5e5a3eb49fa27fa931e0b20f21,7
004d68e945f63981f58ea160b3720c4f,7
b9bf07b11fd925dbfb20cb69daede5ff,7
5aeffb22054370e2b3951d16e611bae2,7
a12d816960ea70636776a02fe29c7c52,7
8ae9c108e668aaf70a90e84e8d7f90c9,7
5d8dcdd1dc3cdd30c7cd162f16054b26,7
7023c07a834e70cde17f0a295e7dac0e,7
d3276e0c99c30439e5bddcb3bfde183f,7
6c55e8b4bc9d2f5739e00b4052aca2ee,7
2bbe22f09c8b7c8654aa51c000a744a7,7
46fd51624bc3f5d4c165302f1f6f7dc0,7
22815b72d895ba6451ac901a9e94c759,7
352eadfbacd1185ebea3f5d254e40e47,7
96046039fe438b8c3c13d157b750fa65,7
21f49fb26b89af48ee6700a8b32ce329,7
5bdd1ce7248d7e04d2f515996cf94b46,7
565cae2ae1a4e959bf2978cae24d3802,7
a81ecda7f835f5f14784467f2da15b04,7
3d45b9a0bf0ef695c03fc3d2f0924271,7
400c8885b8b2b941b86bb06e861eba3c,7
238fac0cee8aa64a74a1fc7179e0e450,7
fc0f355736e486ad5a5b01c2773165b5,7
504de195b69ef67c67d4acc19dc65ce1,7
333c03bdaea8e4323c764a6fefbcddf1,7
