TS200903103708527188424,6913794787382,EMS1599100628727,ems
TS200903103708833659818,6913794787252,EMS1599100629087,ems
TS200903103709353705815,6913794787092,EMS1599100629559,ems
TS200903103709662955878,6913794796544,SF1599100629874,sf
TS200903103709963672563,6913794796650,EMS1599100630172,ems
TS200903103710265441480,6913794796742,EMS1599100630479,ems
TS200903103710583366346,6913794797008,EMS1599100630784,ems
TS200903103710881674264,6913794796773,EMS1599100631080,ems
TS200903103711174802061,6913794796926,EMS1599100631374,ems
TS200903103711469851841,6913794798142,EMS1599100631682,ems
TS200903103711783793614,6913794798128,EMS1599100631991,ems
TS200903103712090448572,6913794798364,EMS1599100632294,ems
TS200903103712394360249,6913794798241,EMS1599100632608,ems
TS200903103712703234924,6903599567432,SF1599100632943,sf
TS200903103713041901226,6913794794366,EMS1599100633248,ems
TS200903103713342189897,6911713005746,EMS1599100633543,ems
TS200903103713634721407,6911713005555,EMS1599100633838,ems
TS200903103713936675000,6911713005685,EMS1599100634145,ems
TS200903103714239318836,6911713005623,EMS1599100634444,ems
TS200903103714533476111,6913794793956,EMS1599100634729,ems
TS200903103714816906439,6913794795394,SF1599100635017,sf
TS200903103715122446549,6913794795134,EMS1599100635342,ems
TS200903103715435419406,6913794795257,EMS1599100635635,ems
TS200903105446670322739,6913794787382,EMS1599101686885,ems
TS200903105446983691183,6913794787252,EMS1599101687302,ems
TS200903105447386804185,6913794787092,EMS1599101687664,ems
TS200903105447748891862,6913794796544,SF1599101688031,sf
TS200903105448123125925,6913794796650,SF1599101688421,sf
TS200903105448513662078,6913794796742,EMS1599101688864,ems
TS200903105449112364308,6913794797008,EMS1599101689419,ems
TS200903105449521184776,6913794796773,EMS1599101689824,ems
TS200903105450016748072,6913794796926,EMS1599101690575,ems
TS200903105450847829552,6913794798142,EMS1599101691157,ems
TS200903105451259359247,6913794798128,EMS1599101691603,ems
TS200903105451705835611,6913794798364,EMS1599101692011,ems
TS200903105452186872084,6913794798241,EMS1599101692715,ems
TS200903105453737881009,6913794794366,EMS1599101694071,ems
TS200903105454163367777,6911713005746,EMS1599101694488,ems
TS200903105454777597904,6911713005555,EMS1599101695093,ems
TS200903105455191422061,6911713005685,EMS1599101695501,ems
TS200903105455664467180,6911713005623,EMS1599101695970,ems
TS200903105456202826858,6913794793956,EMS1599101696498,ems
TS200903105456584997686,6913794795394,SF1599101696865,sf
TS200903105456952540888,6913794795134,EMS1599101697172,ems
TS200903105457257782025,6913794795257,EMS1599101697465,ems
TS200903105457563654626,6913794795240,EMS1599101697858,ems
